Date,Time,RBoom_Angle,* PRSTiltSensorBin,* PRSTiltSensorEng,ShearerPosition
5/9/2023,53:54.8,9.91,2029,98,51
5/9/2023,53:55.1,9.91,2029,98,51
5/9/2023,53:55.3,9.91,2029,98,51
5/9/2023,53:55.6,9.91,2029,98,51
5/9/2023,53:55.8,9.91,2029,98,51
5/9/2023,53:56.1,9.91,2029,98,51
5/9/2023,53:56.4,9.91,2029,98,51
5/9/2023,53:56.6,9.91,2029,98,51
5/9/2023,53:56.9,9.91,2029,98,51
5/9/2023,53:57.1,9.91,2030,99,51
5/9/2023,53:57.4,9.91,2030,99,51
5/9/2023,53:57.7,9.91,2030,99,51
5/9/2023,53:57.9,9.91,2030,99,51
5/9/2023,53:58.2,9.91,2029,98,51
5/9/2023,53:58.4,9.91,2029,98,51
5/9/2023,53:58.8,9.91,2029,98,51
5/9/2023,53:59.0,9.91,2029,98,51
5/9/2023,53:59.2,9.91,2029,98,51
5/9/2023,53:59.5,9.91,2029,98,51
5/9/2023,53:59.7,9.91,2030,99,51
5/9/2023,54:00.0,9.91,2030,99,51
5/9/2023,54:00.3,9.91,2030,99,51
5/9/2023,54:00.5,9.91,2030,99,51
5/9/2023,54:00.8,9.91,2029,98,51
5/9/2023,54:01.0,9.91,2029,98,51
5/9/2023,54:01.4,9.91,2029,98,51
5/9/2023,54:01.6,9.91,2029,98,51
5/9/2023,54:01.8,9.91,2029,98,51
5/9/2023,54:02.1,9.91,2029,98,51
5/9/2023,54:02.4,9.91,2029,98,51
5/9/2023,54:02.6,9.91,2029,98,51
5/9/2023,54:02.9,9.91,2029,98,51
5/9/2023,54:03.1,9.91,2029,98,51
5/9/2023,54:03.4,9.91,2029,98,51
5/9/2023,54:03.6,9.91,2029,98,51
5/9/2023,54:03.9,9.91,2030,99,51
5/9/2023,54:04.2,9.91,2030,99,51
5/9/2023,54:04.5,9.91,2030,99,51
5/9/2023,54:04.7,9.91,2030,99,51
5/9/2023,54:05.0,9.91,2030,99,51
5/9/2023,54:05.2,9.91,2030,99,51
5/9/2023,54:05.6,9.91,2030,99,51
5/9/2023,54:05.7,9.91,2030,99,51
5/9/2023,54:06.0,9.91,2030,99,51
5/9/2023,54:06.3,9.91,2030,99,51
5/9/2023,54:06.5,9.91,2031,100,51
5/9/2023,54:06.7,9.91,2031,100,51
5/9/2023,54:07.1,9.91,2030,99,51
5/9/2023,54:07.3,9.91,2030,99,51
5/9/2023,54:07.6,9.91,2029,98,51
5/9/2023,54:07.8,9.91,2029,98,51
5/9/2023,54:08.1,9.91,2030,99,51
5/9/2023,54:08.3,9.91,2030,99,51
5/9/2023,54:08.6,9.91,2029,98,51
5/9/2023,54:08.9,9.91,2029,98,51
5/9/2023,54:09.1,9.91,2029,98,51
5/9/2023,54:09.4,9.91,2029,98,51
5/9/2023,54:09.6,9.91,2029,98,51
5/9/2023,54:09.9,9.9,2029,98,51
5/9/2023,54:10.1,9.94,2029,98,51
5/9/2023,54:10.5,10.37,2030,99,51
5/9/2023,54:10.7,10.3,2032,101,51
5/9/2023,54:10.9,10.07,2032,101,51
5/9/2023,54:11.2,10.28,2033,102,51
5/9/2023,54:11.5,9.75,2033,102,51
5/9/2023,54:11.7,9.95,2029,98,51
5/9/2023,54:11.9,9.67,2029,98,51
5/9/2023,54:12.2,10.11,2038,107,51
5/9/2023,54:12.5,10.17,2038,107,51
5/9/2023,54:12.7,9.79,2036,105,51
5/9/2023,54:13.0,10.13,2036,105,51
5/9/2023,54:13.3,10.09,2028,97,51
5/9/2023,54:13.5,9.78,2028,97,51
5/9/2023,54:13.9,9.84,2028,97,51
5/9/2023,54:14.1,9.8,2028,97,51
5/9/2023,54:14.3,9.62,2031,100,51
5/9/2023,54:14.6,10.08,2031,100,51
5/9/2023,54:14.9,10.34,2029,98,51
5/9/2023,54:15.1,10.49,2029,98,51
5/9/2023,54:15.4,10.55,2030,99,51
5/9/2023,54:15.6,10.15,2030,99,51
5/9/2023,54:15.9,10.44,2030,99,51
5/9/2023,54:16.1,9.64,2030,99,51
5/9/2023,54:16.4,10.04,2036,105,51
5/9/2023,54:16.7,9.96,2036,105,51
5/9/2023,54:16.9,10.31,2029,98,51
5/9/2023,54:17.2,10.02,2029,98,51
5/9/2023,54:17.4,10.12,2034,103,51
5/9/2023,54:17.7,10.2,2034,103,51
5/9/2023,54:18.0,9.78,2034,103,51
5/9/2023,54:18.2,9.75,2034,103,51
5/9/2023,54:18.5,9.33,2032,101,51
5/9/2023,54:18.7,10.22,2032,101,51
5/9/2023,54:19.0,9.98,2033,102,51
5/9/2023,54:19.3,10.19,2033,102,51
5/9/2023,54:19.5,10.05,2036,105,51
5/9/2023,54:19.8,9.84,2036,105,51
5/9/2023,54:20.1,10.35,2031,100,50
5/9/2023,54:20.3,10.07,2031,100,50
5/9/2023,54:20.6,10.08,2031,100,50
5/9/2023,54:20.8,9.63,2031,100,50
5/9/2023,54:21.1,9.68,2030,99,50
5/9/2023,54:21.3,9.63,2030,99,50
5/9/2023,54:21.6,9.99,2026,95,50
5/9/2023,54:21.8,9.95,2026,95,50
5/9/2023,54:22.1,10.34,2022,91,50
5/9/2023,54:22.4,9.96,2022,91,50
5/9/2023,54:22.6,9.74,2024,93,50
5/9/2023,54:22.9,9.7,2024,93,50
5/9/2023,54:23.2,9.63,2027,96,50
5/9/2023,54:23.5,10.4,2027,96,50
5/9/2023,54:23.7,10.14,2029,98,50
5/9/2023,54:23.9,9.82,2029,98,50
5/9/2023,54:24.2,9.74,2028,97,50
5/9/2023,54:24.5,9.61,2028,97,50
5/9/2023,54:24.8,10.06,2031,100,50
5/9/2023,54:25.0,9.86,2031,100,50
5/9/2023,54:25.3,9.52,2031,100,50
5/9/2023,54:25.5,9.98,2031,100,50
5/9/2023,54:25.8,9.85,2032,101,50
5/9/2023,54:26.1,10.07,2032,101,50
5/9/2023,54:26.3,9.75,2030,99,50
5/9/2023,54:26.6,10.07,2030,99,50
5/9/2023,54:26.8,9.93,2028,97,50
5/9/2023,54:27.1,9.95,2028,97,50
5/9/2023,54:27.4,9.93,2025,94,50
5/9/2023,54:27.6,9.93,2025,94,50
5/9/2023,54:27.9,9.31,2024,93,50
5/9/2023,54:28.1,9.72,2024,93,50
5/9/2023,54:28.4,9.91,2028,97,50
5/9/2023,54:28.6,9.55,2028,97,50
5/9/2023,54:28.9,10.67,2030,99,50
5/9/2023,54:29.2,9.95,2030,99,50
5/9/2023,54:29.4,10.3,2031,100,50
5/9/2023,54:29.7,10.1,2031,100,50
5/9/2023,54:30.0,10.31,2032,101,50
5/9/2023,54:30.2,9.86,2032,101,49
5/9/2023,54:30.5,9.76,2034,103,49
5/9/2023,54:30.7,9.61,2034,103,49
5/9/2023,54:31.0,9.89,2035,104,49
5/9/2023,54:31.3,9.26,2035,104,49
5/9/2023,54:31.5,10.39,2033,102,49
5/9/2023,54:31.8,9.95,2033,102,49
5/9/2023,54:32.0,10.05,2031,100,49
5/9/2023,54:32.3,9.69,2031,100,49
5/9/2023,54:32.6,9.97,2032,101,49
5/9/2023,54:32.8,10.01,2032,101,49
5/9/2023,54:33.1,9.41,2031,100,49
5/9/2023,54:33.4,10.28,2031,100,49
5/9/2023,54:33.6,9.94,2030,99,49
5/9/2023,54:33.8,9.13,2030,99,49
5/9/2023,54:34.1,9.66,2022,91,49
5/9/2023,54:34.4,9.82,2022,91,49
5/9/2023,54:34.6,9.71,2022,91,49
5/9/2023,54:34.9,9.66,2022,91,49
5/9/2023,54:35.2,9.9,2022,91,49
5/9/2023,54:35.4,10.01,2022,91,49
5/9/2023,54:35.7,9.25,2027,96,49
5/9/2023,54:36.0,9.86,2027,96,49
5/9/2023,54:36.2,10.12,2030,99,49
5/9/2023,54:36.4,10.13,2030,99,49
5/9/2023,54:36.7,9.99,2031,100,49
5/9/2023,54:37.0,9.76,2031,100,49
5/9/2023,54:37.2,9.95,2034,103,49
5/9/2023,54:37.5,9.65,2034,103,49
5/9/2023,54:37.8,9.99,2033,102,49
5/9/2023,54:38.1,9.43,2033,102,49
5/9/2023,54:38.3,9.43,2035,104,49
5/9/2023,54:38.5,9.96,2035,104,49
5/9/2023,54:38.8,10.13,2030,99,49
5/9/2023,54:39.2,10.26,2030,99,49
5/9/2023,54:39.3,10.04,2030,99,49
5/9/2023,54:39.6,9.7,2030,99,49
5/9/2023,54:39.8,9.63,2021,90,49
5/9/2023,54:40.1,9.81,2021,90,49
5/9/2023,54:40.3,9.91,2022,91,48
5/9/2023,54:40.6,10.25,2022,91,48
5/9/2023,54:40.9,9.22,2018,87,48
5/9/2023,54:41.2,9.79,2018,87,48
5/9/2023,54:41.4,10.11,2024,93,48
5/9/2023,54:41.6,9.68,2024,93,48
5/9/2023,54:41.9,9.84,2027,96,48
5/9/2023,54:42.1,9.76,2027,96,48
5/9/2023,54:42.4,9.81,2033,102,48
5/9/2023,54:42.7,9.86,2033,102,48
5/9/2023,54:43.0,10.05,2032,101,48
5/9/2023,54:43.2,10.18,2032,101,48
5/9/2023,54:43.5,9.62,2032,101,48
5/9/2023,54:43.7,9.75,2032,101,48
5/9/2023,54:44.0,9.14,2034,103,48
5/9/2023,54:44.3,9.62,2034,103,48
5/9/2023,54:44.6,10.14,2030,99,48
5/9/2023,54:44.8,9.65,2030,99,48
5/9/2023,54:45.0,9.6,2027,96,48
5/9/2023,54:45.3,9.8,2027,96,48
5/9/2023,54:45.6,10.17,2022,91,48
5/9/2023,54:45.8,9.48,2022,91,48
5/9/2023,54:46.1,9.4,2022,91,48
5/9/2023,54:46.3,9.87,2022,91,48
5/9/2023,54:46.6,9.36,2029,98,48
5/9/2023,54:46.8,9.93,2029,98,48
5/9/2023,54:47.1,9.92,2032,101,48
5/9/2023,54:47.4,9.58,2032,101,48
5/9/2023,54:47.6,9.93,2030,99,48
5/9/2023,54:47.9,9.88,2030,99,48
5/9/2023,54:48.1,9.73,2029,98,48
5/9/2023,54:48.4,9.81,2029,98,48
5/9/2023,54:48.7,9.65,2035,104,48
5/9/2023,54:48.9,9.39,2035,104,48
5/9/2023,54:49.2,9.99,2033,102,48
5/9/2023,54:49.5,9.6,2033,102,48
5/9/2023,54:49.7,10,2034,103,48
5/9/2023,54:50.0,8.9,2034,103,48
5/9/2023,54:50.2,9.75,2029,98,48
5/9/2023,54:50.5,9.8,2029,98,47
5/9/2023,54:50.8,9.18,2022,91,47
5/9/2023,54:51.0,9.5,2022,91,47
5/9/2023,54:51.3,9.78,2022,91,47
5/9/2023,54:51.5,10.44,2022,91,47
5/9/2023,54:51.8,9.45,2023,92,47
5/9/2023,54:52.1,10.15,2023,92,47
5/9/2023,54:52.3,9.9,2020,89,47
5/9/2023,54:52.6,9.13,2020,89,47
5/9/2023,54:52.8,9.77,2032,101,47
5/9/2023,54:53.1,9.9,2032,101,47
5/9/2023,54:53.3,9.6,2028,97,47
5/9/2023,54:53.7,9.57,2028,97,47
5/9/2023,54:53.9,9.97,2033,102,47
5/9/2023,54:54.1,9.97,2033,102,47
5/9/2023,54:54.4,9.89,2030,99,47
5/9/2023,54:54.7,9.68,2030,99,47
5/9/2023,54:54.9,10.01,2034,103,47
5/9/2023,54:55.2,9.96,2034,103,47
5/9/2023,54:55.4,9.93,2033,102,47
5/9/2023,54:55.7,9.93,2033,102,47
5/9/2023,54:56.0,10.13,2029,98,47
5/9/2023,54:56.2,9.97,2029,98,47
5/9/2023,54:56.5,9.8,2030,99,47
5/9/2023,54:56.7,9.8,2030,99,47
5/9/2023,54:57.0,10.18,2032,101,47
5/9/2023,54:57.3,9.66,2032,101,47
5/9/2023,54:57.5,9.96,2028,97,47
5/9/2023,54:57.8,9.46,2028,97,47
5/9/2023,54:58.0,9.91,2023,92,47
5/9/2023,54:58.3,9.96,2023,92,47
5/9/2023,54:58.6,10.17,2022,91,47
5/9/2023,54:58.8,9.88,2022,91,47
5/9/2023,54:59.1,9.85,2023,92,47
5/9/2023,54:59.3,8.95,2023,92,47
5/9/2023,54:59.6,9.45,2027,96,47
5/9/2023,54:59.9,9.92,2027,96,47
5/9/2023,55:00.1,9.68,2030,99,47
5/9/2023,55:00.4,9.81,2030,99,47
5/9/2023,55:00.7,10.45,2029,98,47
5/9/2023,55:00.9,10.14,2029,98,46
5/9/2023,55:01.3,10.45,2037,106,46
5/9/2023,55:01.4,10.09,2037,106,46
5/9/2023,55:01.7,9.98,2032,101,46
5/9/2023,55:02.0,9.93,2032,101,46
5/9/2023,55:02.2,9.45,2029,98,46
5/9/2023,55:02.5,9.91,2029,98,46
5/9/2023,55:02.7,8.87,2029,98,46
5/9/2023,55:03.0,10.02,2029,98,46
5/9/2023,55:03.3,9.85,2029,98,46
5/9/2023,55:03.5,9.83,2029,98,46
5/9/2023,55:03.8,9.85,2025,94,46
5/9/2023,55:04.0,10.2,2025,94,46
5/9/2023,55:04.4,10.26,2027,96,46
5/9/2023,55:04.6,9.84,2027,96,46
5/9/2023,55:04.8,10.03,2026,95,46
5/9/2023,55:05.1,9.76,2026,95,46
5/9/2023,55:05.4,9.79,2022,91,46
5/9/2023,55:05.6,10.06,2022,91,46
5/9/2023,55:05.8,9.69,2026,95,46
5/9/2023,55:06.1,10.32,2026,95,46
5/9/2023,55:06.4,9.77,2026,95,46
5/9/2023,55:06.7,9.95,2026,95,46
5/9/2023,55:06.9,10.07,2033,102,46
5/9/2023,55:07.1,9.92,2033,102,46
5/9/2023,55:07.4,10.01,2037,106,46
5/9/2023,55:07.6,9.98,2037,106,46
5/9/2023,55:07.9,10.05,2035,104,46
5/9/2023,55:08.2,9.72,2035,104,46
5/9/2023,55:08.4,9.57,2032,101,46
5/9/2023,55:08.7,9.44,2032,101,46
5/9/2023,55:09.0,9.84,2031,100,46
5/9/2023,55:09.2,9.98,2031,100,46
5/9/2023,55:09.6,9.05,2027,96,46
5/9/2023,55:09.7,9.05,2027,96,46
5/9/2023,55:10.0,10,2023,92,46
5/9/2023,55:10.3,9.95,2023,92,46
5/9/2023,55:10.5,10.33,2022,91,46
5/9/2023,55:10.8,9.99,2022,91,46
5/9/2023,55:11.1,10.14,2023,92,45
5/9/2023,55:11.3,9.82,2023,92,45
5/9/2023,55:11.6,10.28,2026,95,45
5/9/2023,55:11.8,9.36,2026,95,45
5/9/2023,55:12.1,9.54,2033,102,45
5/9/2023,55:12.4,9.92,2033,102,45
5/9/2023,55:12.7,9.91,2034,103,45
5/9/2023,55:12.9,9.41,2034,103,45
5/9/2023,55:13.1,9.39,2034,103,45
5/9/2023,55:13.4,9.89,2032,101,45
5/9/2023,55:13.7,10.07,2029,98,45
5/9/2023,55:13.9,9.91,2029,98,45
5/9/2023,55:14.2,9.91,2029,98,45
5/9/2023,55:14.4,9.79,2030,99,45
5/9/2023,55:14.7,10.22,2026,95,45
5/9/2023,55:14.9,9.77,2026,95,45
5/9/2023,55:15.2,10.12,2026,95,45
5/9/2023,55:15.5,9.44,2022,91,45
5/9/2023,55:15.7,9.79,2022,91,45
5/9/2023,55:16.0,9.79,2023,92,45
5/9/2023,55:16.3,10.27,2024,93,45
5/9/2023,55:16.5,10.1,2024,93,45
5/9/2023,55:16.8,9.93,2030,99,45
5/9/2023,55:17.1,10.17,2030,99,45
5/9/2023,55:17.3,9.8,2030,99,45
5/9/2023,55:17.5,10.01,2033,102,45
5/9/2023,55:17.8,9.82,2033,102,45
5/9/2023,55:18.1,9.87,2033,102,45
5/9/2023,55:18.3,9.83,2032,101,45
5/9/2023,55:18.6,10.06,2032,101,45
5/9/2023,55:18.9,9.41,2031,100,45
5/9/2023,55:19.1,10.08,2031,100,45
5/9/2023,55:19.4,9.78,2030,99,45
5/9/2023,55:19.6,9.93,2030,99,45
5/9/2023,55:19.9,9.65,2030,99,45
5/9/2023,55:20.2,9.78,2030,99,45
5/9/2023,55:20.4,10.05,2028,97,45
5/9/2023,55:20.7,10.17,2028,97,45
5/9/2023,55:20.9,10,2027,96,45
5/9/2023,55:21.2,9.85,2027,96,44
5/9/2023,55:21.5,8.97,2023,92,44
5/9/2023,55:21.7,9.75,2023,92,44
5/9/2023,55:22.0,9.95,2027,96,44
5/9/2023,55:22.3,9.98,2027,96,44
5/9/2023,55:22.5,9.39,2027,96,44
5/9/2023,55:22.7,10.25,2030,99,44
5/9/2023,55:23.0,9.72,2032,101,44
5/9/2023,55:23.4,9.6,2032,101,44
5/9/2023,55:23.5,10.3,2028,97,44
5/9/2023,55:23.8,9.82,2028,97,44
5/9/2023,55:24.1,9.66,2031,100,44
5/9/2023,55:24.3,9.7,2031,100,44
5/9/2023,55:24.6,9.86,2026,95,44
5/9/2023,55:24.9,9.95,2026,95,44
5/9/2023,55:25.1,9.91,2033,102,44
5/9/2023,55:25.4,9.6,2033,102,44
5/9/2023,55:25.6,9.97,2031,100,44
5/9/2023,55:25.9,10.34,2031,100,44
5/9/2023,55:26.1,10.86,2028,97,44
5/9/2023,55:26.5,9.37,2028,97,44
5/9/2023,55:26.7,9.03,2035,104,44
5/9/2023,55:26.9,9.87,2035,104,44
5/9/2023,55:27.2,9.92,2025,94,44
5/9/2023,55:27.5,9.82,2025,94,44
5/9/2023,55:27.7,9.82,2027,96,44
5/9/2023,55:28.0,9.78,2027,96,44
5/9/2023,55:28.2,9.95,2024,93,44
5/9/2023,55:28.5,10.26,2024,93,44
5/9/2023,55:28.8,9.74,2026,95,44
5/9/2023,55:29.0,9.51,2026,95,44
5/9/2023,55:29.3,9.58,2028,97,44
5/9/2023,55:29.6,9.8,2028,97,44
5/9/2023,55:29.8,10.24,2031,100,44
5/9/2023,55:30.1,10.25,2031,100,44
5/9/2023,55:30.3,9.85,2031,100,44
5/9/2023,55:30.6,9.52,2031,100,44
5/9/2023,55:30.8,9.36,2034,103,44
5/9/2023,55:31.1,9.68,2034,103,44
5/9/2023,55:31.3,9.87,2032,101,43
5/9/2023,55:31.6,9.69,2032,101,43
5/9/2023,55:31.9,9.66,2029,98,43
5/9/2023,55:32.1,9.98,2029,98,43
5/9/2023,55:32.4,10.12,2023,92,43
5/9/2023,55:32.7,9.22,2023,92,43
5/9/2023,55:32.9,9.61,2027,96,43
5/9/2023,55:33.2,9.81,2027,96,43
5/9/2023,55:33.4,9.95,2022,91,43
5/9/2023,55:33.7,9.56,2022,91,43
5/9/2023,55:33.9,9.73,2020,89,43
5/9/2023,55:34.2,9.97,2020,89,43
5/9/2023,55:34.5,10.25,2027,96,43
5/9/2023,55:34.7,10.24,2027,96,43
5/9/2023,55:35.0,8.94,2035,104,43
5/9/2023,55:35.3,9.56,2035,104,43
5/9/2023,55:35.5,9.93,2032,101,43
5/9/2023,55:35.8,9.75,2032,101,43
5/9/2023,55:36.0,9.55,2038,107,43
5/9/2023,55:36.3,10.19,2038,107,43
5/9/2023,55:36.5,9.82,2039,108,43
5/9/2023,55:36.8,10.07,2039,108,43
5/9/2023,55:37.1,9.96,2034,103,43
5/9/2023,55:37.3,9.93,2034,103,43
5/9/2023,55:37.6,9.28,2033,102,43
5/9/2023,55:37.9,9.95,2033,102,43
5/9/2023,55:38.1,9.82,2033,102,43
5/9/2023,55:38.3,9.31,2033,102,43
5/9/2023,55:38.6,9.93,2025,94,43
5/9/2023,55:38.9,9.79,2025,94,43
5/9/2023,55:39.2,9.46,2024,93,43
5/9/2023,55:39.4,9.93,2024,93,43
5/9/2023,55:39.7,9.75,2028,97,43
5/9/2023,55:39.9,9.93,2028,97,43
5/9/2023,55:40.2,10.18,2028,97,43
5/9/2023,55:40.5,9.94,2028,97,43
5/9/2023,55:40.7,9.88,2031,100,43
5/9/2023,55:41.0,9.47,2031,100,43
5/9/2023,55:41.3,9.93,2032,101,43
5/9/2023,55:41.5,9.79,2032,101,43
5/9/2023,55:41.7,9.82,2030,99,42
5/9/2023,55:42.0,10.05,2030,99,42
5/9/2023,55:42.3,9.75,2026,95,42
5/9/2023,55:42.5,9.78,2026,95,42
5/9/2023,55:42.8,10.2,2029,98,42
5/9/2023,55:43.1,9.94,2029,98,42
5/9/2023,55:43.3,9.69,2029,98,42
5/9/2023,55:43.6,9.21,2027,96,42
5/9/2023,55:43.8,9.81,2027,96,42
5/9/2023,55:44.1,9.43,2027,96,42
5/9/2023,55:44.3,9.39,2020,89,42
5/9/2023,55:44.6,10.3,2020,89,42
5/9/2023,55:44.9,9.73,2024,93,42
5/9/2023,55:45.1,9.93,2024,93,42
5/9/2023,55:45.4,10.56,2024,93,42
5/9/2023,55:45.6,9.92,2024,93,42
5/9/2023,55:45.9,9.8,2023,92,42
5/9/2023,55:46.2,9.61,2023,92,42
5/9/2023,55:46.4,9.67,2028,97,42
5/9/2023,55:46.7,9.37,2028,97,42
5/9/2023,55:46.9,9.74,2021,90,42
5/9/2023,55:47.2,9.83,2021,90,42
5/9/2023,55:47.5,9.59,2025,94,42
5/9/2023,55:47.7,9.59,2025,94,42
5/9/2023,55:48.0,9.69,2030,99,42
5/9/2023,55:48.3,9.76,2030,99,42
5/9/2023,55:48.5,9.21,2029,98,42
5/9/2023,55:48.8,9.95,2029,98,42
5/9/2023,55:49.0,9.65,2034,103,42
5/9/2023,55:49.3,10.22,2034,103,42
5/9/2023,55:49.5,9.8,2029,98,42
5/9/2023,55:49.8,9.63,2029,98,42
5/9/2023,55:50.1,9.95,2024,93,42
5/9/2023,55:50.4,9.73,2024,93,42
5/9/2023,55:50.6,9.48,2021,90,42
5/9/2023,55:50.8,9.81,2021,90,42
5/9/2023,55:51.1,9.16,2018,87,42
5/9/2023,55:51.4,9.66,2018,87,42
5/9/2023,55:51.6,9.99,2023,92,42
5/9/2023,55:51.9,9.62,2023,92,41
5/9/2023,55:52.2,9.16,2024,93,41
5/9/2023,55:52.4,9.71,2024,93,41
5/9/2023,55:52.7,9.74,2029,98,41
5/9/2023,55:53.0,9.44,2029,98,41
5/9/2023,55:53.2,9.41,2029,98,41
5/9/2023,55:53.4,9.95,2029,98,41
5/9/2023,55:53.7,9.71,2028,97,41
5/9/2023,55:53.9,9.97,2028,97,41
5/9/2023,55:54.3,9.78,2025,94,41
5/9/2023,55:54.5,9.73,2025,94,41
5/9/2023,55:54.8,9.59,2028,97,41
5/9/2023,55:55.0,9.95,2028,97,41
5/9/2023,55:55.3,9.91,2027,96,41
5/9/2023,55:55.5,9.81,2027,96,41
5/9/2023,55:55.8,10.26,2030,99,41
5/9/2023,55:56.1,10.04,2030,99,41
5/9/2023,55:56.3,9.5,2025,94,41
5/9/2023,55:56.6,9.8,2025,94,41
5/9/2023,55:56.8,9.77,2025,94,41
5/9/2023,55:57.1,9.73,2025,94,41
5/9/2023,55:57.4,9.51,2027,96,41
5/9/2023,55:57.6,9.81,2027,96,41
5/9/2023,55:57.9,9.66,2028,97,41
5/9/2023,55:58.1,9.92,2028,97,41
5/9/2023,55:58.4,10.04,2024,93,41
5/9/2023,55:58.7,9.71,2024,93,41
5/9/2023,55:58.9,9.63,2031,100,41
5/9/2023,55:59.2,9.49,2031,100,41
5/9/2023,55:59.4,9.84,2030,99,41
5/9/2023,55:59.7,10.11,2030,99,41
5/9/2023,56:00.0,9.47,2030,99,41
5/9/2023,56:00.2,9.78,2030,99,41
5/9/2023,56:00.5,9.47,2028,97,41
5/9/2023,56:00.7,9.09,2028,97,41
5/9/2023,56:01.0,9.94,2022,91,41
5/9/2023,56:01.3,10.05,2022,91,41
5/9/2023,56:01.6,9.96,2024,93,41
5/9/2023,56:01.7,9.67,2024,93,41
5/9/2023,56:02.0,9.55,2024,93,40
5/9/2023,56:02.3,9.62,2023,92,40
5/9/2023,56:02.5,9.87,2023,92,40
5/9/2023,56:02.8,9.68,2022,91,40
5/9/2023,56:03.1,9.2,2022,91,40
5/9/2023,56:03.4,9.66,2028,97,40
5/9/2023,56:03.6,9.88,2028,97,40
5/9/2023,56:03.9,9.25,2029,98,40
5/9/2023,56:04.1,9.68,2029,98,40
5/9/2023,56:04.4,10.05,2031,100,40
5/9/2023,56:04.7,9.65,2029,98,40
5/9/2023,56:04.9,9.59,2029,98,40
5/9/2023,56:05.2,10.08,2029,98,40
5/9/2023,56:05.4,10.01,2029,98,40
5/9/2023,56:05.7,9.03,2029,98,40
5/9/2023,56:05.9,10.01,2028,97,40
5/9/2023,56:06.2,10.19,2028,97,40
5/9/2023,56:06.4,9.78,2032,101,40
5/9/2023,56:06.7,9.85,2032,101,40
5/9/2023,56:07.0,9.75,2030,99,40
5/9/2023,56:07.2,9.76,2030,99,40
5/9/2023,56:07.5,9.7,2029,98,40
5/9/2023,56:07.7,9.95,2029,98,40
5/9/2023,56:08.0,10.19,2025,94,40
5/9/2023,56:08.3,9.65,2025,94,40
5/9/2023,56:08.5,10.06,2027,96,40
5/9/2023,56:08.8,9.8,2027,96,40
5/9/2023,56:09.1,9.77,2028,97,40
5/9/2023,56:09.4,9.8,2028,97,40
5/9/2023,56:09.5,10.15,2030,99,40
5/9/2023,56:09.8,9.51,2030,99,40
5/9/2023,56:10.1,9.63,2030,99,40
5/9/2023,56:10.4,9.79,2030,99,40
5/9/2023,56:10.6,9.71,2032,101,40
5/9/2023,56:10.9,9.61,2032,101,40
5/9/2023,56:11.1,10.15,2031,100,40
5/9/2023,56:11.4,9.88,2031,100,40
5/9/2023,56:11.7,9.27,2025,94,40
5/9/2023,56:11.9,9.35,2025,94,40
5/9/2023,56:12.2,9.71,2018,87,40
5/9/2023,56:12.5,9.03,2022,91,39
5/9/2023,56:12.7,9.74,2022,91,39
5/9/2023,56:13.0,9.91,2022,91,39
5/9/2023,56:13.2,9.64,2023,92,39
5/9/2023,56:13.4,9.36,2023,92,39
5/9/2023,56:13.7,9.98,2032,101,39
5/9/2023,56:14.0,10.12,2032,101,39
5/9/2023,56:14.2,10.15,2034,103,39
5/9/2023,56:14.5,9.89,2034,103,39
5/9/2023,56:14.8,9.92,2036,105,39
5/9/2023,56:15.0,8.94,2036,105,39
5/9/2023,56:15.3,9.91,2030,99,39
5/9/2023,56:15.6,9.95,2030,99,39
5/9/2023,56:15.8,9.9,2030,99,39
5/9/2023,56:16.1,10.08,2030,99,39
5/9/2023,56:16.3,9.86,2032,101,39
5/9/2023,56:16.6,10.14,2032,101,39
5/9/2023,56:16.9,9.68,2026,95,39
5/9/2023,56:17.1,9.86,2026,95,39
5/9/2023,56:17.4,10.02,2023,92,39
5/9/2023,56:17.6,9.66,2023,92,39
5/9/2023,56:17.9,9.45,2020,89,39
5/9/2023,56:18.2,9.77,2020,89,39
5/9/2023,56:18.4,9.64,2023,92,39
5/9/2023,56:18.7,9.87,2023,92,39
5/9/2023,56:18.9,10,2027,96,39
5/9/2023,56:19.2,9.7,2027,96,39
5/9/2023,56:19.5,10.44,2031,100,39
5/9/2023,56:19.7,9.84,2031,100,39
5/9/2023,56:20.0,9.34,2031,100,39
5/9/2023,56:20.2,9.34,2031,100,39
5/9/2023,56:20.5,9.63,2032,101,39
5/9/2023,56:20.8,9.59,2032,101,39
5/9/2023,56:21.0,9.86,2030,99,39
5/9/2023,56:21.3,10.21,2030,99,39
5/9/2023,56:21.5,9.99,2028,97,39
5/9/2023,56:21.8,9.61,2028,97,39
5/9/2023,56:22.0,10.11,2029,98,39
5/9/2023,56:22.3,9.65,2029,98,38
5/9/2023,56:22.6,10.33,2030,99,38
5/9/2023,56:22.8,10.1,2030,99,38
5/9/2023,56:23.1,9.53,2035,104,38
5/9/2023,56:23.4,10.01,2035,104,38
5/9/2023,56:23.6,9.95,2029,98,38
5/9/2023,56:23.8,9.97,2029,98,38
5/9/2023,56:24.2,9.8,2027,96,38
5/9/2023,56:24.4,9.24,2027,96,38
5/9/2023,56:24.7,10.01,2024,93,38
5/9/2023,56:25.0,9.64,2024,93,38
5/9/2023,56:25.2,9.78,2026,95,38
5/9/2023,56:25.5,9.72,2026,95,38
5/9/2023,56:25.7,9.84,2026,95,38
5/9/2023,56:26.0,9.77,2026,95,38
5/9/2023,56:26.2,9.69,2033,102,38
5/9/2023,56:26.5,10.3,2033,102,38
5/9/2023,56:26.8,9.77,2034,103,38
5/9/2023,56:27.0,9.98,2034,103,38
5/9/2023,56:27.3,9.98,2030,99,38
5/9/2023,56:27.5,10.22,2030,99,38
5/9/2023,56:27.8,9.38,2032,101,38
5/9/2023,56:28.1,10.21,2032,101,38
5/9/2023,56:28.4,9.98,2033,102,38
5/9/2023,56:28.6,9.54,2033,102,38
5/9/2023,56:28.8,9.52,2031,100,38
5/9/2023,56:29.1,9.61,2031,100,38
5/9/2023,56:29.4,9.28,2030,99,38
5/9/2023,56:29.6,10.12,2030,99,38
5/9/2023,56:29.9,9.85,2031,100,38
5/9/2023,56:30.1,10.53,2031,100,38
5/9/2023,56:30.4,9.6,2034,103,38
5/9/2023,56:30.7,10.12,2034,103,38
5/9/2023,56:30.9,9.68,2029,98,38
5/9/2023,56:31.2,9.81,2029,98,38
5/9/2023,56:31.4,9.94,2025,94,38
5/9/2023,56:31.7,9.74,2025,94,38
5/9/2023,56:32.0,9.89,2023,92,38
5/9/2023,56:32.2,9.58,2023,92,38
5/9/2023,56:32.5,10.17,2030,99,38
5/9/2023,56:32.7,9.5,2030,99,37
5/9/2023,56:33.0,9.68,2033,102,37
5/9/2023,56:33.3,9.88,2033,102,37
5/9/2023,56:33.5,9.93,2035,104,37
5/9/2023,56:33.8,9.82,2035,104,37
5/9/2023,56:34.0,9.7,2035,104,37
5/9/2023,56:34.3,9.85,2035,104,37
5/9/2023,56:34.6,9.52,2032,101,37
5/9/2023,56:34.8,10.34,2032,101,37
5/9/2023,56:35.1,9.87,2027,96,37
5/9/2023,56:35.3,9.68,2027,96,37
5/9/2023,56:35.6,9.41,2024,93,37
5/9/2023,56:35.9,9.99,2024,93,37
5/9/2023,56:36.2,9.91,2026,95,37
5/9/2023,56:36.4,9.79,2026,95,37
5/9/2023,56:36.7,10.1,2026,95,37
5/9/2023,56:36.9,10.18,2026,95,37
5/9/2023,56:37.2,9.51,2028,97,37
5/9/2023,56:37.4,10.22,2028,97,37
5/9/2023,56:37.7,9.97,2029,98,37
5/9/2023,56:37.9,9.22,2029,98,37
5/9/2023,56:38.2,9.37,2028,97,37
5/9/2023,56:38.5,9.89,2028,97,37
5/9/2023,56:38.8,9.79,2029,98,37
5/9/2023,56:39.0,9.65,2029,98,37
5/9/2023,56:39.2,9.67,2029,98,37
5/9/2023,56:39.5,9.96,2029,98,37
5/9/2023,56:39.8,9.84,2031,100,37
5/9/2023,56:40.0,10.11,2031,100,37
5/9/2023,56:40.3,10.13,2034,103,37
5/9/2023,56:40.6,9.68,2034,103,37
5/9/2023,56:40.8,9.23,2028,97,37
5/9/2023,56:41.1,9.82,2028,97,37
5/9/2023,56:41.3,9.9,2027,96,37
5/9/2023,56:41.6,9.86,2027,96,37
5/9/2023,56:41.8,9.97,2026,95,37
5/9/2023,56:42.1,9.92,2026,95,37
5/9/2023,56:42.4,9.83,2027,96,37
5/9/2023,56:42.6,10.16,2027,96,37
5/9/2023,56:42.9,9.83,2032,101,36
5/9/2023,56:43.2,9,2032,101,36
5/9/2023,56:43.4,10.26,2031,100,36
5/9/2023,56:43.7,10.22,2031,100,36
5/9/2023,56:43.9,8.95,2032,101,36
5/9/2023,56:44.2,9.62,2032,101,36
5/9/2023,56:44.5,9.8,2034,103,36
5/9/2023,56:44.7,9.97,2034,103,36
5/9/2023,56:45.0,9.59,2036,105,36
5/9/2023,56:45.2,10.32,2036,105,36
5/9/2023,56:45.5,10.15,2031,100,36
5/9/2023,56:45.8,10.11,2031,100,36
5/9/2023,56:46.0,10.23,2026,95,36
5/9/2023,56:46.3,10.08,2026,95,36
5/9/2023,56:46.6,9.55,2023,92,36
5/9/2023,56:46.8,9.95,2023,92,36
5/9/2023,56:47.1,9.79,2026,95,36
5/9/2023,56:47.3,9.83,2026,95,36
5/9/2023,56:47.6,10.26,2029,98,36
5/9/2023,56:47.9,9.87,2029,98,36
5/9/2023,56:48.1,9.81,2030,99,36
5/9/2023,56:48.4,9.88,2030,99,36
5/9/2023,56:48.6,10.03,2033,102,36
5/9/2023,56:48.9,9.86,2033,102,36
5/9/2023,56:49.1,9.91,2025,94,36
5/9/2023,56:49.4,10.25,2025,94,36
5/9/2023,56:49.6,9.83,2028,97,36
5/9/2023,56:49.9,9.52,2028,97,36
5/9/2023,56:50.2,10.31,2029,98,36
5/9/2023,56:50.4,9.85,2029,98,36
5/9/2023,56:50.7,9.85,2030,99,36
5/9/2023,56:50.9,10.06,2030,99,36
5/9/2023,56:51.2,9.93,2029,98,36
5/9/2023,56:51.5,9.88,2029,98,36
5/9/2023,56:51.7,9.83,2028,97,36
5/9/2023,56:52.0,10.16,2028,97,36
5/9/2023,56:52.3,9.77,2025,94,36
5/9/2023,56:52.5,9.39,2025,94,36
5/9/2023,56:52.8,10.27,2025,94,36
5/9/2023,56:53.0,9.85,2025,94,35
5/9/2023,56:53.3,9.12,2027,96,35
5/9/2023,56:53.6,10.17,2027,96,35
5/9/2023,56:53.8,10.09,2029,98,35
5/9/2023,56:54.1,9.7,2029,98,35
5/9/2023,56:54.3,10.47,2030,99,35
5/9/2023,56:54.6,9.57,2030,99,35
5/9/2023,56:54.9,9.92,2031,100,35
5/9/2023,56:55.1,9.7,2031,100,35
5/9/2023,56:55.4,10.17,2026,95,35
5/9/2023,56:55.7,9.9,2026,95,35
5/9/2023,56:55.9,9.69,2027,96,35
5/9/2023,56:56.2,9.55,2027,96,35
5/9/2023,56:56.4,9.74,2030,99,35
5/9/2023,56:56.7,9.98,2030,99,35
5/9/2023,56:56.9,9.47,2031,100,35
5/9/2023,56:57.2,10.37,2031,100,35
5/9/2023,56:57.5,9.49,2027,96,35
5/9/2023,56:57.7,9.93,2027,96,35
5/9/2023,56:57.9,9.63,2029,98,35
5/9/2023,56:58.2,9.43,2029,98,35
5/9/2023,56:58.5,9.68,2031,100,35
5/9/2023,56:58.8,9.34,2031,100,35
5/9/2023,56:59.0,10.02,2026,95,35
5/9/2023,56:59.3,9.52,2026,95,35
5/9/2023,56:59.6,9.95,2032,101,35
5/9/2023,56:59.8,9.74,2032,101,35
5/9/2023,57:00.1,9.64,2028,97,35
5/9/2023,57:00.3,10.26,2028,97,35
5/9/2023,57:00.6,9.77,2027,96,35
5/9/2023,57:00.9,9.21,2027,96,35
5/9/2023,57:01.1,9.72,2024,93,35
5/9/2023,57:01.4,9.61,2024,93,35
5/9/2023,57:01.6,9.77,2026,95,35
5/9/2023,57:01.9,9.83,2026,95,35
5/9/2023,57:02.2,9.99,2028,97,35
5/9/2023,57:02.4,9.62,2028,97,35
5/9/2023,57:02.7,9.73,2026,95,35
5/9/2023,57:03.0,9.94,2026,95,35
5/9/2023,57:03.2,9.79,2028,97,35
5/9/2023,57:03.5,9.48,2028,97,34
5/9/2023,57:03.7,9.2,2024,93,34
5/9/2023,57:04.0,9.65,2024,93,34
5/9/2023,57:04.2,9.63,2027,96,34
5/9/2023,57:04.5,9.6,2027,96,34
5/9/2023,57:04.8,9.65,2024,93,34
5/9/2023,57:05.0,9.47,2024,93,34
5/9/2023,57:05.3,9.68,2031,100,34
5/9/2023,57:05.6,9.99,2031,100,34
5/9/2023,57:05.8,9.54,2028,97,34
5/9/2023,57:06.1,9.05,2028,97,34
5/9/2023,57:06.3,9.76,2031,100,34
5/9/2023,57:06.6,9.52,2031,100,34
5/9/2023,57:06.9,9.42,2032,101,34
5/9/2023,57:07.1,9.66,2032,101,34
5/9/2023,57:07.3,9.57,2028,97,34
5/9/2023,57:07.6,9.43,2028,97,34
5/9/2023,57:07.9,9.5,2028,97,34
5/9/2023,57:08.2,9.59,2028,97,34
5/9/2023,57:08.4,9.79,2030,99,34
5/9/2023,57:08.7,9.31,2030,99,34
5/9/2023,57:08.9,9.99,2028,97,34
5/9/2023,57:09.2,9.66,2028,97,34
5/9/2023,57:09.5,9.69,2025,94,34
5/9/2023,57:09.7,9.01,2025,94,34
5/9/2023,57:09.9,9.6,2026,95,34
5/9/2023,57:10.2,9.89,2026,95,34
5/9/2023,57:10.5,9.41,2028,97,34
5/9/2023,57:10.7,9.77,2028,97,34
5/9/2023,57:11.0,9.93,2028,97,34
5/9/2023,57:11.3,9.95,2028,97,34
5/9/2023,57:11.5,9.69,2028,97,34
5/9/2023,57:11.8,9.58,2028,97,34
5/9/2023,57:12.1,9.56,2029,98,34
5/9/2023,57:12.3,9.77,2029,98,34
5/9/2023,57:12.6,9.73,2030,99,34
5/9/2023,57:12.8,9.89,2030,99,34
5/9/2023,57:13.1,9.54,2034,103,34
5/9/2023,57:13.4,9.74,2035,104,33
5/9/2023,57:13.6,9.85,2035,104,33
5/9/2023,57:13.9,9.44,2035,104,33
5/9/2023,57:14.1,9.68,2026,95,33
5/9/2023,57:14.4,9.25,2026,95,33
5/9/2023,57:14.7,9.72,2029,98,33
5/9/2023,57:14.9,9.5,2029,98,33
5/9/2023,57:15.1,9.59,2026,95,33
5/9/2023,57:15.4,9.25,2026,95,33
5/9/2023,57:15.7,9.75,2020,89,33
5/9/2023,57:15.9,9.7,2020,89,33
5/9/2023,57:16.2,9.38,2025,94,33
5/9/2023,57:16.5,10.09,2025,94,33
5/9/2023,57:16.7,9.81,2028,97,33
5/9/2023,57:17.0,9.44,2028,97,33
5/9/2023,57:17.3,9.36,2030,99,33
5/9/2023,57:17.5,9.9,2030,99,33
5/9/2023,57:17.8,10,2031,100,33
5/9/2023,57:18.0,9.68,2031,100,33
5/9/2023,57:18.2,9.37,2019,88,33
5/9/2023,57:18.5,9.83,2019,88,33
5/9/2023,57:18.8,9.73,2021,90,33
5/9/2023,57:19.1,9.52,2021,90,33
5/9/2023,57:19.3,9.8,2028,97,33
5/9/2023,57:19.6,9.55,2028,97,33
5/9/2023,57:19.9,10.42,2028,97,33
5/9/2023,57:20.1,9.55,2028,97,33
5/9/2023,57:20.3,9.88,2028,97,33
5/9/2023,57:20.6,9.79,2028,97,33
5/9/2023,57:20.9,9.83,2024,93,33
5/9/2023,57:21.1,9.97,2024,93,33
5/9/2023,57:21.4,9.18,2024,93,33
5/9/2023,57:21.6,10.02,2024,93,33
5/9/2023,57:21.9,9.65,2023,92,33
5/9/2023,57:22.2,9.65,2023,92,33
5/9/2023,57:22.5,9.7,2028,97,33
5/9/2023,57:22.7,10.24,2028,97,33
5/9/2023,57:23.0,9.79,2028,97,33
5/9/2023,57:23.2,9.82,2028,97,33
5/9/2023,57:23.5,9.97,2026,95,33
5/9/2023,57:23.7,9.07,2026,95,33
5/9/2023,57:24.0,9.22,2024,93,32
5/9/2023,57:24.3,9.36,2024,93,32
5/9/2023,57:24.5,9.62,2025,94,32
5/9/2023,57:24.8,9.51,2025,94,32
5/9/2023,57:25.0,10,2027,96,32
5/9/2023,57:25.3,9.64,2027,96,32
5/9/2023,57:25.6,9.34,2028,97,32
5/9/2023,57:25.8,10.18,2028,97,32
5/9/2023,57:26.1,9.68,2027,96,32
5/9/2023,57:26.3,9.82,2027,96,32
5/9/2023,57:26.6,9.21,2025,94,32
5/9/2023,57:26.9,9.98,2025,94,32
5/9/2023,57:27.1,9.92,2021,90,32
5/9/2023,57:27.4,9.63,2021,90,32
5/9/2023,57:27.7,10.01,2026,95,32
5/9/2023,57:27.9,9.67,2026,95,32
5/9/2023,57:28.2,9.55,2029,98,32
5/9/2023,57:28.4,10.08,2029,98,32
5/9/2023,57:28.7,9.76,2028,97,32
5/9/2023,57:29.0,9.52,2028,97,32
5/9/2023,57:29.2,9.74,2031,100,32
5/9/2023,57:29.5,9.48,2031,100,32
5/9/2023,57:29.7,9.53,2026,95,32
5/9/2023,57:30.0,9.57,2026,95,32
5/9/2023,57:30.2,9.36,2025,94,32
5/9/2023,57:30.5,9.93,2025,94,32
5/9/2023,57:30.8,9.78,2028,97,32
5/9/2023,57:31.0,9.98,2028,97,32
5/9/2023,57:31.3,9.96,2028,97,32
5/9/2023,57:31.5,9.75,2028,97,32
5/9/2023,57:31.8,9.61,2030,99,32
5/9/2023,57:32.1,9.65,2030,99,32
5/9/2023,57:32.3,9.6,2027,96,32
5/9/2023,57:32.6,9.69,2027,96,32
5/9/2023,57:32.8,9.72,2026,95,32
5/9/2023,57:33.1,9.57,2026,95,32
5/9/2023,57:33.3,9.3,2028,97,32
5/9/2023,57:33.6,9.99,2028,97,32
5/9/2023,57:33.9,9.99,2029,98,31
5/9/2023,57:34.1,9.58,2029,98,31
5/9/2023,57:34.4,10.34,2031,100,31
5/9/2023,57:34.7,9.73,2031,100,31
5/9/2023,57:35.0,9.93,2027,96,31
5/9/2023,57:35.2,9.69,2027,96,31
5/9/2023,57:35.4,9.96,2027,96,31
5/9/2023,57:35.7,9.8,2027,96,31
5/9/2023,57:35.9,9.6,2026,95,31
5/9/2023,57:36.3,10.37,2026,95,31
5/9/2023,57:36.6,9.96,2030,99,31
5/9/2023,57:36.7,9.62,2030,99,31
5/9/2023,57:37.0,9.99,2029,98,31
5/9/2023,57:37.3,10.45,2029,98,31
5/9/2023,57:37.5,9.6,2031,100,31
5/9/2023,57:37.8,9.87,2031,100,31
5/9/2023,57:38.1,9.74,2030,99,31
5/9/2023,57:38.3,9.93,2030,99,31
5/9/2023,57:38.6,9.9,2024,93,31
5/9/2023,57:38.8,9.49,2024,93,31
5/9/2023,57:39.1,9.98,2023,92,31
5/9/2023,57:39.4,10.46,2023,92,31
5/9/2023,57:39.6,9.85,2027,96,31
5/9/2023,57:39.9,9.82,2027,96,31
5/9/2023,57:40.1,9.29,2030,99,31
5/9/2023,57:40.4,10.22,2030,99,31
5/9/2023,57:40.7,9.72,2026,95,31
5/9/2023,57:41.0,9.56,2020,89,31
5/9/2023,57:41.2,9.85,2020,89,31
5/9/2023,57:41.5,9.69,2020,89,31
5/9/2023,57:41.7,10.11,2030,99,31
5/9/2023,57:41.9,9.73,2030,99,31
5/9/2023,57:42.2,9.88,2033,102,31
5/9/2023,57:42.5,9.66,2035,104,31
5/9/2023,57:42.7,9.61,2035,104,31
5/9/2023,57:43.0,10.12,2035,104,31
5/9/2023,57:43.2,9.97,2030,99,31
5/9/2023,57:43.5,9.85,2030,99,31
5/9/2023,57:43.8,10.31,2030,99,31
5/9/2023,57:44.0,9.83,2030,99,30
5/9/2023,57:44.3,9.41,2028,97,30
5/9/2023,57:44.6,10.02,2028,97,30
5/9/2023,57:44.8,9.82,2026,95,30
5/9/2023,57:45.1,9.77,2026,95,30
5/9/2023,57:45.3,9.85,2027,96,30
5/9/2023,57:45.6,10.07,2027,96,30
5/9/2023,57:45.9,10.16,2031,100,30
5/9/2023,57:46.1,9.79,2031,100,30
5/9/2023,57:46.4,9.95,2032,101,30
5/9/2023,57:46.7,9.8,2032,101,30
5/9/2023,57:46.9,9.52,2029,98,30
5/9/2023,57:47.2,9.99,2029,98,30
5/9/2023,57:47.4,9.77,2032,101,30
5/9/2023,57:47.7,10.09,2032,101,30
5/9/2023,57:48.0,9.92,2031,100,30
5/9/2023,57:48.2,10.21,2031,100,30
5/9/2023,57:48.5,9.9,2032,101,30
5/9/2023,57:48.7,9.5,2032,101,30
5/9/2023,57:49.0,9.98,2033,102,30
5/9/2023,57:49.3,9.98,2033,102,30
5/9/2023,57:49.5,9.79,2034,103,30
5/9/2023,57:49.8,10.18,2034,103,30
5/9/2023,57:50.0,9.94,2034,103,30
5/9/2023,57:50.3,9.79,2034,103,30
5/9/2023,57:50.5,10.08,2034,103,30
5/9/2023,57:50.8,10.07,2034,103,30
5/9/2023,57:51.1,9.2,2028,97,30
5/9/2023,57:51.4,10.06,2028,97,30
5/9/2023,57:51.6,9.61,2021,90,30
5/9/2023,57:51.8,9.23,2021,90,30
5/9/2023,57:52.1,10.04,2023,92,30
5/9/2023,57:52.3,10.55,2023,92,30
5/9/2023,57:52.6,10.24,2026,95,30
5/9/2023,57:52.9,9.84,2026,95,30
5/9/2023,57:53.1,10.4,2028,97,30
5/9/2023,57:53.4,9.95,2028,97,30
5/9/2023,57:53.7,9.61,2031,100,30
5/9/2023,57:53.9,9.63,2031,100,30
5/9/2023,57:54.2,9.69,2032,101,30
5/9/2023,57:54.5,9.39,2032,101,29
5/9/2023,57:54.7,9.39,2039,108,29
5/9/2023,57:55.0,9.92,2039,108,29
5/9/2023,57:55.2,10,2038,107,29
5/9/2023,57:55.5,9.83,2038,107,29
5/9/2023,57:55.7,9.92,2030,99,29
5/9/2023,57:56.0,9.81,2030,99,29
5/9/2023,57:56.2,9.99,2023,92,29
5/9/2023,57:56.5,9.93,2023,92,29
5/9/2023,57:56.8,10.26,2024,93,29
5/9/2023,57:57.1,9.82,2024,93,29
5/9/2023,57:57.3,10.05,2027,96,29
5/9/2023,57:57.5,10.17,2027,96,29
5/9/2023,57:57.8,9.97,2029,98,29
5/9/2023,57:58.1,10.4,2029,98,29
5/9/2023,57:58.3,10.11,2033,102,29
5/9/2023,57:58.6,10.21,2033,102,29
5/9/2023,57:58.9,9.68,2035,104,29
5/9/2023,57:59.1,10.31,2035,104,29
5/9/2023,57:59.4,10.09,2036,105,29
5/9/2023,57:59.7,9.77,2036,105,29
5/9/2023,57:59.9,10.72,2035,104,29
5/9/2023,58:00.2,9.6,2035,104,29
5/9/2023,58:00.4,9.22,2036,105,29
5/9/2023,58:00.6,9.49,2036,105,29
5/9/2023,58:00.9,10.1,2030,99,29
5/9/2023,58:01.2,10.1,2030,99,29
5/9/2023,58:01.4,9.31,2029,98,29
5/9/2023,58:01.7,9.47,2029,98,29
5/9/2023,58:02.0,10.09,2025,94,29
5/9/2023,58:02.2,10.33,2025,94,29
5/9/2023,58:02.5,9.8,2029,98,29
5/9/2023,58:02.8,10.09,2029,98,29
5/9/2023,58:03.0,9.14,2023,92,29
5/9/2023,58:03.3,9.43,2023,92,29
5/9/2023,58:03.5,9.8,2029,98,29
5/9/2023,58:03.8,9.93,2029,98,29
5/9/2023,58:04.0,10,2027,96,29
5/9/2023,58:04.3,9.82,2027,96,29
5/9/2023,58:04.6,10.12,2028,97,28
5/9/2023,58:04.8,9.19,2028,97,28
5/9/2023,58:05.1,10.11,2031,100,28
5/9/2023,58:05.4,10.21,2031,100,28
5/9/2023,58:05.7,9.79,2030,99,28
5/9/2023,58:05.8,10.08,2030,99,28
5/9/2023,58:06.2,9.59,2032,101,28
5/9/2023,58:06.4,9.47,2032,101,28
5/9/2023,58:06.7,10.26,2030,99,28
5/9/2023,58:07.0,9.74,2030,99,28
5/9/2023,58:07.2,9.31,2027,96,28
5/9/2023,58:07.5,10.14,2027,96,28
5/9/2023,58:07.7,9.69,2025,94,28
5/9/2023,58:07.9,10.01,2025,94,28
5/9/2023,58:08.2,9.39,2023,92,28
5/9/2023,58:08.5,10.22,2023,92,28
5/9/2023,58:08.8,9.66,2023,92,28
5/9/2023,58:09.0,9.93,2023,92,28
5/9/2023,58:09.3,10.08,2027,96,28
5/9/2023,58:09.5,9.81,2027,96,28
5/9/2023,58:09.8,9.48,2026,95,28
5/9/2023,58:10.0,10.04,2026,95,28
5/9/2023,58:10.3,10.59,2031,100,28
5/9/2023,58:10.6,10.25,2031,100,28
5/9/2023,58:10.8,9.59,2031,100,28
5/9/2023,58:11.1,10.2,2031,100,28
5/9/2023,58:11.3,9.98,2033,102,28
5/9/2023,58:11.6,9.55,2033,102,28
5/9/2023,58:11.8,9.99,2031,100,28
5/9/2023,58:12.1,9.83,2031,100,28
5/9/2023,58:12.4,9.5,2032,101,28
5/9/2023,58:12.6,9.92,2032,101,28
5/9/2023,58:12.9,9.84,2027,96,28
5/9/2023,58:13.2,9.72,2027,96,28
5/9/2023,58:13.4,9.97,2028,97,28
5/9/2023,58:13.7,9.87,2028,97,28
5/9/2023,58:14.0,9.6,2025,94,28
5/9/2023,58:14.2,9.51,2025,94,28
5/9/2023,58:14.5,9.76,2027,96,28
5/9/2023,58:14.7,9.86,2027,96,28
5/9/2023,58:15.0,9.87,2028,97,27
5/9/2023,58:15.2,9.7,2028,97,27
5/9/2023,58:15.5,9.83,2027,96,27
5/9/2023,58:15.8,9.59,2027,96,27
5/9/2023,58:16.0,9.68,2031,100,27
5/9/2023,58:16.3,9.94,2031,100,27
5/9/2023,58:16.5,9.93,2034,103,27
5/9/2023,58:16.8,9.3,2034,103,27
5/9/2023,58:17.1,9.89,2034,103,27
5/9/2023,58:17.3,10.22,2034,103,27
5/9/2023,58:17.6,9.57,2031,100,27
5/9/2023,58:17.8,9.97,2031,100,27
5/9/2023,58:18.1,9.84,2029,98,27
5/9/2023,58:18.4,9.59,2029,98,27
5/9/2023,58:18.6,9.75,2029,98,27
5/9/2023,58:18.9,9.92,2029,98,27
5/9/2023,58:19.1,9.75,2028,97,27
5/9/2023,58:19.4,9.7,2028,97,27
5/9/2023,58:19.7,9.81,2027,96,27
5/9/2023,58:19.9,9.98,2027,96,27
5/9/2023,58:20.2,9.86,2027,96,27
5/9/2023,58:20.4,10.17,2027,96,27
5/9/2023,58:20.7,9.84,2025,94,27
5/9/2023,58:21.0,10.08,2025,94,27
5/9/2023,58:21.2,10.48,2023,92,27
5/9/2023,58:21.4,9.65,2023,92,27
5/9/2023,58:21.8,9.94,2035,104,27
5/9/2023,58:22.0,9.64,2035,104,27
5/9/2023,58:22.2,10.34,2032,101,27
5/9/2023,58:22.5,10.04,2032,101,27
5/9/2023,58:22.8,9.39,2029,98,27
5/9/2023,58:23.1,9.72,2029,98,27
5/9/2023,58:23.3,9.68,2035,104,27
5/9/2023,58:23.5,9.96,2035,104,27
5/9/2023,58:23.8,9.83,2034,103,27
5/9/2023,58:24.1,9.89,2034,103,27
5/9/2023,58:24.4,9.78,2032,101,27
5/9/2023,58:24.6,9.98,2032,101,27
5/9/2023,58:24.9,9.95,2024,93,26
5/9/2023,58:25.2,9.77,2024,93,26
5/9/2023,58:25.4,10.58,2026,95,26
5/9/2023,58:25.7,10.19,2026,95,26
5/9/2023,58:25.9,9.94,2022,91,26
5/9/2023,58:26.2,10.4,2022,91,26
5/9/2023,58:26.4,10.03,2023,92,26
5/9/2023,58:26.7,10.27,2023,92,26
5/9/2023,58:26.9,10.14,2030,99,26
5/9/2023,58:27.2,10.57,2030,99,26
5/9/2023,58:27.5,9.73,2028,97,26
5/9/2023,58:27.7,9.72,2028,97,26
5/9/2023,58:28.0,10.1,2032,101,26
5/9/2023,58:28.2,9.91,2032,101,26
5/9/2023,58:28.5,10.3,2027,96,26
5/9/2023,58:28.7,10.43,2027,96,26
5/9/2023,58:29.0,9.87,2025,94,26
5/9/2023,58:29.3,9.76,2025,94,26
5/9/2023,58:29.5,10.16,2020,89,26
5/9/2023,58:29.8,9.91,2020,89,26
5/9/2023,58:30.1,9.92,2022,91,26
5/9/2023,58:30.3,10.02,2022,91,26
5/9/2023,58:30.6,10.45,2030,99,26
5/9/2023,58:30.8,10.01,2030,99,26
5/9/2023,58:31.1,10.21,2033,102,26
5/9/2023,58:31.4,10.21,2033,102,26
5/9/2023,58:31.6,9.89,2034,103,26
5/9/2023,58:31.9,10.34,2034,103,26
5/9/2023,58:32.2,10.18,2036,105,26
5/9/2023,58:32.4,10.12,2036,105,26
5/9/2023,58:32.6,10.24,2041,110,26
5/9/2023,58:32.9,10.45,2041,110,26
5/9/2023,58:33.2,9.93,2040,109,26
5/9/2023,58:33.5,10.26,2040,109,26
5/9/2023,58:33.7,9.94,2038,107,26
5/9/2023,58:34.0,9.64,2038,107,26
5/9/2023,58:34.2,10.63,2035,104,26
5/9/2023,58:34.5,9.86,2035,104,25
5/9/2023,58:34.7,10.57,2034,103,25
5/9/2023,58:35.0,9.51,2034,103,25
5/9/2023,58:35.2,10.1,2037,106,25
5/9/2023,58:35.5,10.09,2037,106,25
5/9/2023,58:35.8,11.13,2033,102,25
5/9/2023,58:36.0,10.38,2033,102,25
5/9/2023,58:36.3,10.62,2029,98,25
5/9/2023,58:36.6,10.79,2029,98,25
5/9/2023,58:36.8,10.66,2033,102,25
5/9/2023,58:37.0,9.93,2033,102,25
5/9/2023,58:37.4,10.65,2034,103,25
5/9/2023,58:37.6,10.49,2034,103,25
5/9/2023,58:37.8,10.35,2022,91,25
5/9/2023,58:38.1,9.85,2022,91,25
5/9/2023,58:38.4,10.53,2029,98,25
5/9/2023,58:38.6,10.35,2029,98,25
5/9/2023,58:38.9,10.09,2027,96,25
5/9/2023,58:39.2,10.38,2027,96,25
5/9/2023,58:39.4,10.49,2029,98,25
5/9/2023,58:39.7,10.31,2029,98,25
5/9/2023,58:39.9,10.55,2029,98,25
5/9/2023,58:40.2,9.69,2029,98,25
5/9/2023,58:40.4,10.28,2034,103,25
5/9/2023,58:40.7,10.83,2034,103,25
5/9/2023,58:41.0,9.98,2039,108,25
5/9/2023,58:41.3,11.43,2039,108,25
5/9/2023,58:41.5,10.16,2046,115,25
5/9/2023,58:41.8,11.12,2046,115,25
5/9/2023,58:42.0,10.96,2040,109,25
5/9/2023,58:42.2,10.61,2040,109,25
5/9/2023,58:42.5,10.43,2041,110,25
5/9/2023,58:42.8,10.77,2041,110,25
5/9/2023,58:43.0,10.43,2041,110,25
5/9/2023,58:43.3,10.83,2041,110,25
5/9/2023,58:43.6,10.24,2039,108,25
5/9/2023,58:43.8,11.47,2039,108,24
5/9/2023,58:44.1,9.75,2042,111,24
5/9/2023,58:44.4,10.68,2042,111,24
5/9/2023,58:44.7,11.02,2032,101,24
5/9/2023,58:44.9,9.86,2032,101,24
5/9/2023,58:45.2,11.62,2037,106,24
5/9/2023,58:45.4,10.94,2037,106,24
5/9/2023,58:45.6,10.15,2042,111,24
5/9/2023,58:45.9,12.13,2042,111,24
5/9/2023,58:46.2,11.33,2042,111,24
5/9/2023,58:46.4,10.86,2042,111,24
5/9/2023,58:46.7,11.08,2039,108,24
5/9/2023,58:47.0,11.13,2039,108,24
5/9/2023,58:47.2,11.69,2044,113,24
5/9/2023,58:47.5,11.16,2044,113,24
5/9/2023,58:47.7,10.87,2037,106,24
5/9/2023,58:48.0,10.75,2037,106,24
5/9/2023,58:48.3,10.36,2035,104,24
5/9/2023,58:48.5,10.79,2035,104,24
5/9/2023,58:48.7,11.51,2034,103,24
5/9/2023,58:49.0,11.5,2034,103,24
5/9/2023,58:49.3,11.64,2036,105,24
5/9/2023,58:49.6,11.63,2036,105,24
5/9/2023,58:49.8,11.12,2043,112,24
5/9/2023,58:50.1,11.3,2043,112,24
5/9/2023,58:50.3,11.02,2047,116,24
5/9/2023,58:50.6,11.44,2047,116,24
5/9/2023,58:50.8,11.48,2048,117,24
5/9/2023,58:51.1,11.07,2048,117,24
5/9/2023,58:51.4,11.45,2047,116,24
5/9/2023,58:51.6,11.39,2047,116,24
5/9/2023,58:51.9,11.5,2045,114,24
5/9/2023,58:52.2,11.76,2045,114,24
5/9/2023,58:52.4,11.79,2047,116,24
5/9/2023,58:52.7,11.67,2047,116,24
5/9/2023,58:53.0,11.4,2048,117,24
5/9/2023,58:53.2,11.84,2048,117,24
5/9/2023,58:53.4,11.51,2050,119,23
5/9/2023,58:53.7,11.62,2050,119,23
5/9/2023,58:54.0,11.64,2044,113,23
5/9/2023,58:54.2,11.07,2044,113,23
5/9/2023,58:54.5,11.43,2036,105,23
5/9/2023,58:54.7,12.03,2036,105,23
5/9/2023,58:55.0,11.92,2038,107,23
5/9/2023,58:55.3,11.44,2038,107,23
5/9/2023,58:55.5,12.1,2048,117,23
5/9/2023,58:55.8,11.61,2048,117,23
5/9/2023,58:56.1,11.3,2045,114,23
5/9/2023,58:56.3,11.37,2045,114,23
5/9/2023,58:56.6,11.9,2044,113,23
5/9/2023,58:56.8,11.77,2044,113,23
5/9/2023,58:57.1,12.09,2046,115,23
5/9/2023,58:57.4,11.61,2046,115,23
5/9/2023,58:57.6,12.04,2046,115,23
5/9/2023,58:57.8,11.67,2046,115,23
5/9/2023,58:58.1,12.13,2049,118,23
5/9/2023,58:58.4,11.49,2049,118,23
5/9/2023,58:58.6,12.35,2055,124,23
5/9/2023,58:58.9,12.59,2055,124,23
5/9/2023,58:59.2,11.87,2054,123,23
5/9/2023,58:59.4,11.9,2054,123,23
5/9/2023,58:59.7,11.65,2054,123,23
5/9/2023,58:59.9,11.39,2054,123,23
5/9/2023,59:00.2,12.01,2055,124,23
5/9/2023,59:00.4,12.01,2055,124,23
5/9/2023,59:00.8,12.75,2051,120,23
5/9/2023,59:01.0,11.71,2051,120,23
5/9/2023,59:01.3,12.39,2047,116,23
5/9/2023,59:01.5,12.28,2047,116,23
5/9/2023,59:01.8,11.63,2040,109,23
5/9/2023,59:02.0,12.21,2040,109,23
5/9/2023,59:02.3,12.24,2041,110,23
5/9/2023,59:02.5,11.78,2041,110,23
5/9/2023,59:02.8,12.05,2045,114,23
5/9/2023,59:03.0,11.76,2045,114,23
5/9/2023,59:03.4,12.04,2054,123,22
5/9/2023,59:03.6,11.86,2054,123,22
5/9/2023,59:03.8,11.99,2060,129,22
5/9/2023,59:04.1,12.45,2060,129,22
5/9/2023,59:04.4,12.39,2058,127,22
5/9/2023,59:04.7,12.1,2058,127,22
5/9/2023,59:04.9,12.2,2048,117,22
5/9/2023,59:05.2,11.73,2048,117,22
5/9/2023,59:05.4,12.5,2048,117,22
5/9/2023,59:05.7,12.16,2048,117,22
5/9/2023,59:06.0,11.58,2041,110,22
5/9/2023,59:06.2,12.22,2041,110,22
5/9/2023,59:06.5,11.9,2051,120,22
5/9/2023,59:06.7,12.84,2051,120,22
5/9/2023,59:07.0,12.42,2054,123,22
5/9/2023,59:07.3,12.23,2054,123,22
5/9/2023,59:07.5,11.7,2058,127,22
5/9/2023,59:07.8,11.86,2058,127,22
5/9/2023,59:08.1,12.45,2054,123,22
5/9/2023,59:08.3,12.53,2054,123,22
5/9/2023,59:08.5,12.09,2052,121,22
5/9/2023,59:08.8,12.39,2052,121,22
5/9/2023,59:09.1,12.05,2054,123,22
5/9/2023,59:09.4,11.72,2054,123,22
5/9/2023,59:09.6,12.22,2052,121,22
5/9/2023,59:09.8,12.13,2052,121,22
5/9/2023,59:10.1,11.85,2053,122,22
5/9/2023,59:10.4,12.14,2053,122,22
5/9/2023,59:10.7,12.53,2051,120,22
5/9/2023,59:10.9,11.76,2051,120,22
5/9/2023,59:11.2,12.44,2053,122,22
5/9/2023,59:11.4,12.3,2053,122,22
5/9/2023,59:11.7,11.91,2051,120,22
5/9/2023,59:11.9,11.68,2051,120,22
5/9/2023,59:12.2,12.07,2047,116,22
5/9/2023,59:12.5,12.19,2047,116,22
5/9/2023,59:12.7,12.21,2049,118,22
5/9/2023,59:13.0,12.02,2049,118,22
5/9/2023,59:13.3,12.22,2047,116,22
5/9/2023,59:13.5,12.2,2047,116,21
5/9/2023,59:13.8,12.37,2055,124,21
5/9/2023,59:14.0,12.12,2055,124,21
5/9/2023,59:14.3,12.25,2058,127,21
5/9/2023,59:14.5,11.56,2058,127,21
5/9/2023,59:14.8,12.65,2061,130,21
5/9/2023,59:15.0,12.37,2061,130,21
5/9/2023,59:15.3,12.2,2060,129,21
5/9/2023,59:15.6,12.57,2060,129,21
5/9/2023,59:15.9,12.28,2053,122,21
5/9/2023,59:16.1,12.34,2053,122,21
5/9/2023,59:16.3,11.45,2050,119,21
5/9/2023,59:16.6,12.32,2050,119,21
5/9/2023,59:16.9,13.1,2049,118,21
5/9/2023,59:17.2,11.56,2049,118,21
5/9/2023,59:17.4,12.78,2050,119,21
5/9/2023,59:17.6,11.67,2050,119,21
5/9/2023,59:18.0,12.24,2048,117,21
5/9/2023,59:18.2,11.92,2048,117,21
5/9/2023,59:18.4,12.19,2055,124,21
5/9/2023,59:18.7,12.24,2055,124,21
5/9/2023,59:19.0,12.93,2055,124,21
5/9/2023,59:19.2,12.01,2055,124,21
5/9/2023,59:19.5,12.14,2053,122,21
5/9/2023,59:19.7,11.89,2053,122,21
5/9/2023,59:20.0,12.41,2052,121,21
5/9/2023,59:20.2,12.04,2052,121,21
5/9/2023,59:20.5,11.41,2053,122,21
5/9/2023,59:20.8,11.78,2053,122,21
5/9/2023,59:21.0,12.07,2053,122,21
5/9/2023,59:21.3,11.73,2053,122,21
5/9/2023,59:21.6,11.55,2041,110,21
5/9/2023,59:21.8,11.78,2041,110,21
5/9/2023,59:22.1,11.87,2046,115,21
5/9/2023,59:22.3,11.71,2046,115,21
5/9/2023,59:22.6,11.38,2058,127,21
5/9/2023,59:22.9,11.95,2058,127,21
5/9/2023,59:23.1,12.25,2052,121,21
5/9/2023,59:23.4,12.64,2052,121,21
5/9/2023,59:23.6,12.3,2054,123,21
5/9/2023,59:23.9,11.87,2054,123,20
5/9/2023,59:24.2,11.41,2049,118,20
5/9/2023,59:24.4,12.34,2049,118,20
5/9/2023,59:24.7,12.2,2049,118,20
5/9/2023,59:24.9,12.21,2049,118,20
5/9/2023,59:25.2,11.65,2050,119,20
5/9/2023,59:25.4,11.99,2050,119,20
5/9/2023,59:25.7,12.43,2048,117,20
5/9/2023,59:26.0,12.23,2048,117,20
5/9/2023,59:26.2,12.4,2055,124,20
5/9/2023,59:26.5,12.31,2055,124,20
5/9/2023,59:26.8,11.73,2052,121,20
5/9/2023,59:27.0,12.6,2052,121,20
5/9/2023,59:27.3,11.63,2047,116,20
5/9/2023,59:27.6,11.96,2047,116,20
5/9/2023,59:27.8,12.64,2055,124,20
5/9/2023,59:28.1,12.66,2055,124,20
5/9/2023,59:28.3,12.32,2049,118,20
5/9/2023,59:28.6,12.26,2049,118,20
5/9/2023,59:28.8,12.16,2053,122,20
5/9/2023,59:29.1,12.16,2053,122,20
5/9/2023,59:29.4,11.72,2053,122,20
5/9/2023,59:29.6,12.4,2053,122,20
5/9/2023,59:29.9,11.74,2051,120,20
5/9/2023,59:30.1,12.09,2051,120,20
5/9/2023,59:30.4,12.4,2054,123,20
5/9/2023,59:30.6,11.68,2054,123,20
5/9/2023,59:30.9,12.17,2050,119,20
5/9/2023,59:31.2,12.08,2050,119,20
5/9/2023,59:31.5,12.1,2045,114,20
5/9/2023,59:31.7,12,2045,114,20
5/9/2023,59:32.0,11.92,2049,118,20
5/9/2023,59:32.2,12.32,2049,118,20
5/9/2023,59:32.5,11.91,2047,116,20
5/9/2023,59:32.7,12.28,2047,116,20
5/9/2023,59:33.0,11.78,2048,117,20
5/9/2023,59:33.2,12.55,2048,117,20
5/9/2023,59:33.5,12.49,2049,118,20
5/9/2023,59:33.7,11.94,2049,118,20
5/9/2023,59:34.0,12.08,2046,115,20
5/9/2023,59:34.3,11.36,2046,115,20
5/9/2023,59:34.6,12.68,2052,121,20
5/9/2023,59:34.8,12.14,2052,121,19
5/9/2023,59:35.1,12.52,2054,123,19
5/9/2023,59:35.3,11.72,2054,123,19
5/9/2023,59:35.6,12.3,2058,127,19
5/9/2023,59:35.9,11.66,2058,127,19
5/9/2023,59:36.1,12.75,2056,125,19
5/9/2023,59:36.4,12.56,2056,125,19
5/9/2023,59:36.6,11.49,2047,116,19
5/9/2023,59:36.9,12.61,2047,116,19
5/9/2023,59:37.1,12.18,2052,121,19
5/9/2023,59:37.4,11.59,2052,121,19
5/9/2023,59:37.7,12.18,2052,121,19
5/9/2023,59:37.9,11.73,2052,121,19
5/9/2023,59:38.2,12.31,2050,119,19
5/9/2023,59:38.5,11.69,2050,119,19
5/9/2023,59:38.7,11.86,2056,125,19
5/9/2023,59:39.0,13.11,2056,125,19
5/9/2023,59:39.2,12.37,2055,124,19
5/9/2023,59:39.5,12.31,2055,124,19
5/9/2023,59:39.8,11.47,2049,118,19
5/9/2023,59:40.1,11.69,2049,118,19
5/9/2023,59:40.3,12.07,2050,119,19
5/9/2023,59:40.6,12.1,2050,119,19
5/9/2023,59:40.8,11.69,2053,122,19
5/9/2023,59:41.1,11.33,2053,122,19
5/9/2023,59:41.3,11.9,2047,116,19
5/9/2023,59:41.6,11.73,2047,116,19
5/9/2023,59:41.9,11.8,2047,116,19
5/9/2023,59:42.1,12.43,2047,116,19
5/9/2023,59:42.4,12.66,2051,120,19
5/9/2023,59:42.6,12.52,2051,120,19
5/9/2023,59:42.9,12.13,2064,133,19
5/9/2023,59:43.2,11.55,2064,133,19
5/9/2023,59:43.4,12.43,2062,131,19
5/9/2023,59:43.7,12.48,2062,131,19
5/9/2023,59:43.9,12.34,2048,117,19
5/9/2023,59:44.2,12.37,2048,117,19
5/9/2023,59:44.4,12.4,2053,122,19
5/9/2023,59:44.8,12.4,2053,122,19
5/9/2023,59:44.9,12.43,2055,124,19
5/9/2023,59:45.2,11.92,2055,124,19
5/9/2023,59:45.5,12.14,2056,125,19
5/9/2023,59:45.7,12.36,2056,125,19
5/9/2023,59:46.0,12.22,2062,131,18
5/9/2023,59:46.2,12.85,2062,131,18
5/9/2023,59:46.5,12.16,2056,125,18
5/9/2023,59:46.8,12.13,2056,125,18
5/9/2023,59:47.0,12.28,2052,121,18
5/9/2023,59:47.3,12.28,2052,121,18
5/9/2023,59:47.6,12.39,2053,122,18
5/9/2023,59:47.8,12.2,2053,122,18
5/9/2023,59:48.1,12.25,2052,121,18
5/9/2023,59:48.3,11.98,2052,121,18
5/9/2023,59:48.6,11.7,2053,122,18
5/9/2023,59:48.8,12.53,2053,122,18
5/9/2023,59:49.1,12.32,2052,121,18
5/9/2023,59:49.4,12.08,2052,121,18
5/9/2023,59:49.6,12.54,2054,123,18
5/9/2023,59:49.9,12,2054,123,18
5/9/2023,59:50.2,11.94,2057,126,18
5/9/2023,59:50.5,11.7,2057,126,18
5/9/2023,59:50.7,12.28,2052,121,18
5/9/2023,59:51.0,12.1,2052,121,18
5/9/2023,59:51.2,11.71,2042,111,18
5/9/2023,59:51.4,11.93,2042,111,18
5/9/2023,59:51.7,12.15,2042,111,18
5/9/2023,59:52.0,11.59,2042,111,18
5/9/2023,59:52.3,11.66,2045,114,18
5/9/2023,59:52.5,12.06,2045,114,18
5/9/2023,59:52.8,11.99,2055,124,18
5/9/2023,59:53.0,11.82,2055,124,18
5/9/2023,59:53.3,11.24,2059,128,18
5/9/2023,59:53.5,11.71,2059,128,18
5/9/2023,59:53.8,11.11,2048,117,18
5/9/2023,59:54.1,11.34,2048,117,18
5/9/2023,59:54.3,11.28,2048,117,18
5/9/2023,59:54.6,12.12,2045,114,18
5/9/2023,59:54.8,11.73,2045,114,18
5/9/2023,59:55.1,12.26,2052,121,18
5/9/2023,59:55.4,11.7,2052,121,18
5/9/2023,59:55.6,11.1,2053,122,18
5/9/2023,59:55.9,11.66,2053,122,18
5/9/2023,59:56.1,11.88,2050,119,18
5/9/2023,59:56.4,12.11,2050,119,17
5/9/2023,59:56.7,11.72,2045,114,17
5/9/2023,59:56.9,11.43,2045,114,17
5/9/2023,59:57.2,11.49,2049,118,17
5/9/2023,59:57.5,10.98,2049,118,17
5/9/2023,59:57.7,11.36,2054,123,17
5/9/2023,59:58.0,11.45,2054,123,17
5/9/2023,59:58.2,11.51,2041,110,17
5/9/2023,59:58.5,11.27,2041,110,17
5/9/2023,59:58.7,11.36,2038,107,17
5/9/2023,59:59.0,11.27,2038,107,17
5/9/2023,59:59.3,11.29,2043,112,17
5/9/2023,59:59.5,11.28,2043,112,17
5/9/2023,59:59.8,11.05,2049,118,17
5/9/2023,00:00.1,11.78,2049,118,17
5/9/2023,00:00.3,11.72,2050,119,17
5/9/2023,00:00.6,11.81,2050,119,17
5/9/2023,00:00.8,11.31,2042,111,17
5/9/2023,00:01.1,11.11,2042,111,17
5/9/2023,00:01.4,11.15,2036,105,17
5/9/2023,00:01.6,11.01,2036,105,17
5/9/2023,00:01.9,11.4,2039,108,17
5/9/2023,00:02.1,10.68,2039,108,17
5/9/2023,00:02.4,11.48,2041,110,17
5/9/2023,00:02.7,11.16,2041,110,17
5/9/2023,00:02.9,11.07,2043,112,17
5/9/2023,00:03.2,11.41,2043,112,17
5/9/2023,00:03.4,11.36,2044,113,17
5/9/2023,00:03.7,11.53,2044,113,17
5/9/2023,00:03.9,11.21,2034,103,17
5/9/2023,00:04.2,10.84,2034,103,17
5/9/2023,00:04.5,11.22,2042,111,17
5/9/2023,00:04.7,11.49,2042,111,17
5/9/2023,00:05.0,10.66,2046,115,17
5/9/2023,00:05.3,11.41,2046,115,17
5/9/2023,00:05.5,11.55,2055,124,17
5/9/2023,00:05.8,10.33,2055,124,17
5/9/2023,00:06.0,11.21,2047,116,17
5/9/2023,00:06.3,11.27,2047,116,17
5/9/2023,00:06.6,10.55,2039,108,17
5/9/2023,00:06.8,11.13,2039,108,17
5/9/2023,00:07.0,10.52,2033,102,17
5/9/2023,00:07.3,10.77,2033,102,16
5/9/2023,00:07.6,11.01,2040,109,16
5/9/2023,00:07.8,10.64,2040,109,16
5/9/2023,00:08.1,10.85,2041,110,16
5/9/2023,00:08.4,10.36,2041,110,16
5/9/2023,00:08.6,11.23,2050,119,16
5/9/2023,00:08.9,10.86,2050,119,16
5/9/2023,00:09.1,10.87,2041,110,16
5/9/2023,00:09.4,10.44,2041,110,16
5/9/2023,00:09.6,10.64,2035,104,16
5/9/2023,00:09.9,10.86,2035,104,16
5/9/2023,00:10.2,10.43,2040,109,16
5/9/2023,00:10.5,10.66,2040,109,16
5/9/2023,00:10.7,10.77,2036,105,16
5/9/2023,00:11.0,10.49,2036,105,16
5/9/2023,00:11.2,10.11,2034,103,16
5/9/2023,00:11.5,10.75,2034,103,16
5/9/2023,00:11.7,10.64,2038,107,16
5/9/2023,00:12.0,10.43,2038,107,16
5/9/2023,00:12.3,10.85,2035,104,16
5/9/2023,00:12.5,10.48,2035,104,16
5/9/2023,00:12.8,10.53,2033,102,16
5/9/2023,00:13.0,10.37,2033,102,16
5/9/2023,00:13.3,10.82,2039,108,16
5/9/2023,00:13.6,10.56,2039,108,16
5/9/2023,00:13.8,10.74,2033,102,16
5/9/2023,00:14.1,10.27,2033,102,16
5/9/2023,00:14.4,10.6,2034,103,16
5/9/2023,00:14.6,11.05,2034,103,16
5/9/2023,00:14.9,10.5,2038,107,16
5/9/2023,00:15.1,10.76,2038,107,16
5/9/2023,00:15.4,10.33,2041,110,16
5/9/2023,00:15.6,10.45,2041,110,16
5/9/2023,00:15.9,10.7,2039,108,16
5/9/2023,00:16.2,10.47,2039,108,16
5/9/2023,00:16.4,10.17,2027,96,16
5/9/2023,00:16.7,10.4,2027,96,16
5/9/2023,00:17.0,10.86,2032,101,16
5/9/2023,00:17.2,10.31,2032,101,16
5/9/2023,00:17.5,10.46,2037,106,16
5/9/2023,00:17.7,9.91,2037,106,16
5/9/2023,00:18.0,10.2,2041,110,16
5/9/2023,00:18.4,9.66,2043,112,15
5/9/2023,00:18.5,10.34,2043,112,15
5/9/2023,00:18.8,9.96,2043,112,15
5/9/2023,00:19.1,10.5,2028,97,15
5/9/2023,00:19.3,10.71,2028,97,15
5/9/2023,00:19.6,10.15,2026,95,15
5/9/2023,00:19.8,10.57,2026,95,15
5/9/2023,00:20.1,9.52,2031,100,15
5/9/2023,00:20.4,10.19,2031,100,15
5/9/2023,00:20.6,10.44,2034,103,15
5/9/2023,00:20.9,10.81,2034,103,15
5/9/2023,00:21.1,10.47,2033,102,15
5/9/2023,00:21.4,9.8,2033,102,15
5/9/2023,00:21.6,9.95,2025,94,15
5/9/2023,00:21.9,9.88,2025,94,15
5/9/2023,00:22.2,9.79,2021,90,15
5/9/2023,00:22.4,10.07,2021,90,15
5/9/2023,00:22.7,10.01,2031,100,15
5/9/2023,00:23.0,9.5,2031,100,15
5/9/2023,00:23.2,9.93,2031,100,15
5/9/2023,00:23.5,9.74,2031,100,15
5/9/2023,00:23.7,10.03,2032,101,15
5/9/2023,00:24.0,9.47,2032,101,15
5/9/2023,00:24.3,10.37,2027,96,15
5/9/2023,00:24.5,10.16,2027,96,15
5/9/2023,00:24.8,10.16,2019,88,15
5/9/2023,00:25.0,9.78,2019,88,15
5/9/2023,00:25.3,9.93,2027,96,15
5/9/2023,00:25.6,9.52,2027,96,15
5/9/2023,00:25.8,9.6,2027,96,15
5/9/2023,00:26.0,10.3,2027,96,15
5/9/2023,00:26.3,10.51,2027,96,15
5/9/2023,00:26.6,9.66,2027,96,15
5/9/2023,00:26.8,9.74,2029,98,15
5/9/2023,00:27.2,9.78,2029,98,15
5/9/2023,00:27.4,9.78,2030,99,15
5/9/2023,00:27.6,10.14,2030,99,15
5/9/2023,00:27.9,10.17,2034,103,15
5/9/2023,00:28.2,9.98,2034,103,15
5/9/2023,00:28.4,9.91,2025,94,15
5/9/2023,00:28.7,9.7,2025,94,15
5/9/2023,00:28.9,9.6,2023,92,15
5/9/2023,00:29.2,9.17,2023,92,14
5/9/2023,00:29.4,9.86,2027,96,14
5/9/2023,00:29.7,10.2,2027,96,14
5/9/2023,00:30.0,10.25,2021,90,14
5/9/2023,00:30.2,9.96,2021,90,14
5/9/2023,00:30.5,10.16,2025,94,14
5/9/2023,00:30.7,9.98,2025,94,14
5/9/2023,00:31.0,9.31,2032,101,14
5/9/2023,00:31.2,9.91,2032,101,14
5/9/2023,00:31.5,10.18,2036,105,14
5/9/2023,00:31.8,9.97,2036,105,14
5/9/2023,00:32.0,9.62,2027,96,14
5/9/2023,00:32.3,9.99,2027,96,14
5/9/2023,00:32.6,9.78,2026,95,14
5/9/2023,00:32.8,10.05,2026,95,14
5/9/2023,00:33.1,9.78,2030,99,14
5/9/2023,00:33.4,10.01,2030,99,14
5/9/2023,00:33.6,10.47,2032,101,14
5/9/2023,00:33.9,10.11,2032,101,14
5/9/2023,00:34.2,9.9,2034,103,14
5/9/2023,00:34.4,9.58,2034,103,14
5/9/2023,00:34.6,9.43,2031,100,14
5/9/2023,00:34.9,10.05,2031,100,14
5/9/2023,00:35.2,9.81,2032,101,14
5/9/2023,00:35.4,9.99,2032,101,14
5/9/2023,00:35.7,9.84,2034,103,14
5/9/2023,00:36.0,10.17,2034,103,14
5/9/2023,00:36.2,9.75,2032,101,14
5/9/2023,00:36.5,9.25,2032,101,14
5/9/2023,00:36.8,10.05,2028,97,14
5/9/2023,00:37.0,9.89,2028,97,14
5/9/2023,00:37.3,10.02,2022,91,14
5/9/2023,00:37.5,9.82,2022,91,14
5/9/2023,00:37.7,10.13,2026,95,14
5/9/2023,00:38.0,9.76,2026,95,14
5/9/2023,00:38.3,10.04,2034,103,14
5/9/2023,00:38.5,10.01,2034,103,14
5/9/2023,00:38.8,9.85,2034,103,14
5/9/2023,00:39.0,10.12,2034,103,14
5/9/2023,00:39.4,9.26,2034,103,14
5/9/2023,00:39.6,9.79,2034,103,14
5/9/2023,00:39.8,10.08,2028,97,13
5/9/2023,00:40.1,9.64,2028,97,13
5/9/2023,00:40.4,9.68,2024,93,13
5/9/2023,00:40.6,10.11,2024,93,13
5/9/2023,00:40.9,10.18,2031,100,13
5/9/2023,00:41.2,9.74,2031,100,13
5/9/2023,00:41.4,10.31,2029,98,13
5/9/2023,00:41.7,9.81,2029,98,13
5/9/2023,00:41.9,9.57,2028,97,13
5/9/2023,00:42.2,9.98,2028,97,13
5/9/2023,00:42.4,9.92,2028,97,13
5/9/2023,00:42.7,10.01,2028,97,13
5/9/2023,00:43.0,9.98,2030,99,13
5/9/2023,00:43.2,10.33,2030,99,13
5/9/2023,00:43.5,10.2,2031,100,13
5/9/2023,00:43.7,9.69,2031,100,13
5/9/2023,00:44.0,9.85,2032,101,13
5/9/2023,00:44.3,10.3,2032,101,13
5/9/2023,00:44.5,9.52,2029,98,13
5/9/2023,00:44.8,9.05,2029,98,13
5/9/2023,00:45.0,9.94,2024,93,13
5/9/2023,00:45.3,9.57,2024,93,13
5/9/2023,00:45.6,10.25,2027,96,13
5/9/2023,00:45.8,9.83,2027,96,13
5/9/2023,00:46.1,10.05,2035,104,13
5/9/2023,00:46.3,9.88,2035,104,13
5/9/2023,00:46.6,9.81,2034,103,13
5/9/2023,00:46.9,9.91,2034,103,13
5/9/2023,00:47.2,9.93,2026,95,13
5/9/2023,00:47.4,9.75,2026,95,13
5/9/2023,00:47.7,9.74,2026,95,13
5/9/2023,00:47.9,9.83,2026,95,13
5/9/2023,00:48.1,9.06,2029,98,13
5/9/2023,00:48.4,9.95,2029,98,13
5/9/2023,00:48.7,9.68,2033,102,13
5/9/2023,00:49.0,10.36,2033,102,13
5/9/2023,00:49.2,10.16,2038,107,13
5/9/2023,00:49.5,10.11,2038,107,13
5/9/2023,00:49.7,9.73,2033,102,13
5/9/2023,00:50.0,9.39,2033,102,13
5/9/2023,00:50.2,10.22,2027,96,13
5/9/2023,00:50.5,9.72,2027,96,13
5/9/2023,00:50.8,9.6,2031,100,13
5/9/2023,00:51.0,9.68,2031,100,12
5/9/2023,00:51.3,9.68,2036,105,12
5/9/2023,00:51.6,9.63,2036,105,12
5/9/2023,00:51.9,9.81,2035,104,12
5/9/2023,00:52.1,10.37,2035,104,12
5/9/2023,00:52.3,10.22,2024,93,12
5/9/2023,00:52.6,10.29,2024,93,12
5/9/2023,00:52.9,9.96,2024,93,12
5/9/2023,00:53.2,9.71,2024,93,12
5/9/2023,00:53.4,9.76,2030,99,12
5/9/2023,00:53.7,9.23,2030,99,12
5/9/2023,00:53.9,9.84,2031,100,12
5/9/2023,00:54.2,9.65,2031,100,12
5/9/2023,00:54.4,10.16,2026,95,12
5/9/2023,00:54.7,9.95,2026,95,12
5/9/2023,00:54.9,10.07,2023,92,12
5/9/2023,00:55.2,9.76,2023,92,12
5/9/2023,00:55.5,9.57,2024,93,12
5/9/2023,00:55.7,9.09,2024,93,12
5/9/2023,00:56.0,9.64,2031,100,12
5/9/2023,00:56.2,9.49,2031,100,12
5/9/2023,00:56.5,9.21,2029,98,12
5/9/2023,00:56.8,9.5,2029,98,12
5/9/2023,00:57.0,9.5,2028,97,12
5/9/2023,00:57.3,9.47,2028,97,12
5/9/2023,00:57.5,9.45,2023,92,12
5/9/2023,00:57.8,9.31,2023,92,12
5/9/2023,00:58.1,10,2019,88,12
5/9/2023,00:58.3,8.67,2019,88,12
5/9/2023,00:58.6,9.77,2027,96,12
5/9/2023,00:58.9,9.24,2027,96,12
5/9/2023,00:59.2,9.17,2031,100,12
5/9/2023,00:59.4,9.21,2031,100,12
5/9/2023,00:59.7,9.37,2023,92,12
5/9/2023,00:59.9,9.19,2023,92,12
5/9/2023,01:00.1,9.13,2019,88,12
5/9/2023,01:00.4,9.71,2019,88,12
5/9/2023,01:00.7,8.91,2018,87,12
5/9/2023,01:00.9,9.38,2018,87,12
5/9/2023,01:01.2,8.97,2022,91,12
5/9/2023,01:01.4,9.08,2022,91,12
5/9/2023,01:01.7,9.79,2028,97,11
5/9/2023,01:02.0,8.9,2028,97,11
5/9/2023,01:02.2,9.78,2029,98,11
5/9/2023,01:02.5,8.89,2029,98,11
5/9/2023,01:02.8,8.26,2023,92,11
5/9/2023,01:03.0,8.64,2023,92,11
5/9/2023,01:03.3,9.03,2018,87,11
5/9/2023,01:03.5,9.17,2018,87,11
5/9/2023,01:03.8,8.56,2018,87,11
5/9/2023,01:04.0,9.35,2023,92,11
5/9/2023,01:04.3,9.05,2024,93,11
5/9/2023,01:04.6,8.47,2024,93,11
5/9/2023,01:04.8,9.33,2022,91,11
5/9/2023,01:05.2,8.85,2022,91,11
5/9/2023,01:05.3,8.91,2014,83,11
5/9/2023,01:05.6,8.96,2014,83,11
5/9/2023,01:05.9,9.09,2014,83,11
5/9/2023,01:06.1,8.67,2014,83,11
5/9/2023,01:06.4,8.76,2020,89,11
5/9/2023,01:06.7,8.84,2020,89,11
5/9/2023,01:06.9,8.83,2020,89,11
5/9/2023,01:07.2,9.13,2020,89,11
5/9/2023,01:07.4,8.69,2017,86,11
5/9/2023,01:07.7,8.99,2017,86,11
5/9/2023,01:08.0,8.95,2018,87,11
5/9/2023,01:08.2,8.72,2018,87,11
5/9/2023,01:08.5,8.53,2020,89,11
5/9/2023,01:08.7,8.64,2020,89,11
5/9/2023,01:09.0,8.87,2020,89,11
5/9/2023,01:09.2,8.9,2020,89,11
5/9/2023,01:09.6,8.63,2017,86,11
5/9/2023,01:09.8,8.65,2017,86,11
5/9/2023,01:10.0,8.18,2017,86,11
5/9/2023,01:10.3,8.32,2012,81,11
5/9/2023,01:10.5,8.36,2015,84,11
5/9/2023,01:10.8,8.72,2015,84,11
5/9/2023,01:11.1,9.03,2015,84,11
5/9/2023,01:11.4,8.27,2020,89,11
5/9/2023,01:11.6,8.38,2018,87,11
5/9/2023,01:11.8,8.81,2018,87,11
5/9/2023,01:12.1,8.66,2018,87,11
5/9/2023,01:12.4,8.64,2026,95,11
5/9/2023,01:12.6,8.57,2012,81,10
5/9/2023,01:12.9,8.45,2012,81,10
5/9/2023,01:13.2,8.35,2015,84,10
5/9/2023,01:13.4,8.48,2015,84,10
5/9/2023,01:13.6,8.05,2015,84,10
5/9/2023,01:13.9,8.38,2016,85,10
5/9/2023,01:14.2,8.45,2015,84,10
5/9/2023,01:14.4,8.46,2015,84,10
5/9/2023,01:14.7,8.26,2015,84,10
5/9/2023,01:15.0,8.42,2019,88,10
5/9/2023,01:15.2,7.99,2019,88,10
5/9/2023,01:15.5,8.4,2017,86,10
5/9/2023,01:15.8,8.77,2013,82,10
5/9/2023,01:16.0,8.42,2013,82,10
5/9/2023,01:16.3,9.01,2013,82,10
5/9/2023,01:16.5,8.03,2016,85,10
5/9/2023,01:16.8,7.8,2006,75,10
5/9/2023,01:17.1,8.43,2006,75,10
5/9/2023,01:17.3,8.54,2017,86,10
5/9/2023,01:17.6,8.61,2017,86,10
5/9/2023,01:17.8,8.5,2016,85,10
5/9/2023,01:18.1,7.55,2016,85,10
5/9/2023,01:18.4,8.28,2002,71,10
5/9/2023,01:18.7,8.12,2002,71,10
5/9/2023,01:18.9,8.42,2012,81,10
5/9/2023,01:19.2,8.22,2012,81,10
5/9/2023,01:19.4,8.18,2012,81,10
5/9/2023,01:19.7,7.89,2014,83,10
5/9/2023,01:19.9,7.52,2009,78,10
5/9/2023,01:20.2,7.71,2009,78,10
5/9/2023,01:20.5,8.07,2014,83,10
5/9/2023,01:20.7,8.24,2014,83,10
5/9/2023,01:21.0,8.26,2006,75,10
5/9/2023,01:21.2,7.99,2006,75,10
5/9/2023,01:21.5,7.79,2015,84,10
5/9/2023,01:21.8,7.43,2015,84,10
5/9/2023,01:22.0,7.7,2011,80,10
5/9/2023,01:22.3,8.06,2011,80,10
5/9/2023,01:22.6,7.74,2013,82,10
5/9/2023,01:22.8,7.51,2013,82,10
5/9/2023,01:23.1,7.94,2010,79,10
5/9/2023,01:23.3,8.01,2010,79,10
5/9/2023,01:23.6,7.15,2008,77,9
5/9/2023,01:23.8,8.18,2008,77,9
5/9/2023,01:24.1,7.98,2014,83,9
5/9/2023,01:24.3,7.61,2014,83,9
5/9/2023,01:24.6,7.26,2009,78,9
5/9/2023,01:24.9,7.27,2009,78,9
5/9/2023,01:25.1,7.44,2012,81,9
5/9/2023,01:25.4,8.22,2012,81,9
5/9/2023,01:25.7,7.76,2005,74,9
5/9/2023,01:25.9,7.56,2005,74,9
5/9/2023,01:26.2,7.93,2005,74,9
5/9/2023,01:26.4,7.93,2000,69,9
5/9/2023,01:26.7,7.47,2000,69,9
5/9/2023,01:27.0,7.28,2010,79,9
5/9/2023,01:27.2,6.75,2007,76,9
5/9/2023,01:27.5,7,2007,76,9
5/9/2023,01:27.8,7.6,2003,72,9
5/9/2023,01:28.0,7.78,2003,72,9
5/9/2023,01:28.2,7.89,2003,72,9
5/9/2023,01:28.5,7.14,2003,72,9
5/9/2023,01:28.8,7.29,2002,71,9
5/9/2023,01:29.0,6.89,2002,71,9
5/9/2023,01:29.3,7.78,2002,71,9
5/9/2023,01:29.5,7.4,1995,64,9
5/9/2023,01:29.8,7.14,1995,64,9
5/9/2023,01:30.1,7.89,2017,86,9
5/9/2023,01:30.3,6.86,2017,86,9
5/9/2023,01:30.6,6.99,2009,78,9
5/9/2023,01:30.9,7.37,1999,68,9
5/9/2023,01:31.1,6.76,1999,68,9
5/9/2023,01:31.4,7.62,2004,73,9
5/9/2023,01:31.6,8.12,2004,73,9
5/9/2023,01:31.9,7.59,2001,70,9
5/9/2023,01:32.1,7.88,2001,70,9
5/9/2023,01:32.4,6.95,2001,70,9
5/9/2023,01:32.7,7.48,2002,71,9
5/9/2023,01:32.9,7.26,2008,77,9
5/9/2023,01:33.2,7.75,2008,77,9
5/9/2023,01:33.5,6.98,2000,69,9
5/9/2023,01:33.7,6.88,2000,69,9
5/9/2023,01:34.0,6.73,2000,69,9
5/9/2023,01:34.3,6.89,2000,69,8
5/9/2023,01:34.5,7.01,2000,69,8
5/9/2023,01:34.7,6.88,2000,69,8
5/9/2023,01:35.0,7.8,2000,69,8
5/9/2023,01:35.3,8.12,1998,67,8
5/9/2023,01:35.5,6.91,1998,67,8
5/9/2023,01:35.8,7.4,2022,91,8
5/9/2023,01:36.1,8.03,1999,68,8
5/9/2023,01:36.3,8.03,1999,68,8
5/9/2023,01:36.6,7.73,1999,68,8
5/9/2023,01:36.8,7.37,2002,71,8
5/9/2023,01:37.1,7.12,2002,71,8
5/9/2023,01:37.4,6.8,2008,77,8
5/9/2023,01:37.6,8.07,2008,77,8
5/9/2023,01:37.9,8.79,2004,73,8
5/9/2023,01:38.1,8.22,2004,73,8
5/9/2023,01:38.4,7.94,2012,81,8
5/9/2023,01:38.7,7.17,2012,81,8
5/9/2023,01:38.9,6.52,1997,66,8
5/9/2023,01:39.2,6.85,1997,66,8
5/9/2023,01:39.5,7.87,1997,66,8
5/9/2023,01:39.7,8.21,2010,79,8
5/9/2023,01:40.0,7.8,2010,79,8
5/9/2023,01:40.2,7.57,1996,65,8
5/9/2023,01:40.5,7.21,1996,65,8
5/9/2023,01:40.8,6.76,2012,81,8
5/9/2023,01:41.0,6.9,2012,81,8
5/9/2023,01:41.3,7.62,2006,75,8
5/9/2023,01:41.5,8.03,2006,75,8
5/9/2023,01:41.8,7.64,2006,75,8
5/9/2023,01:42.0,8.2,1995,64,8
5/9/2023,01:42.4,7.9,1999,68,8
5/9/2023,01:42.6,6.5,1999,68,8
5/9/2023,01:42.8,7.31,1999,68,8
5/9/2023,01:43.1,7.88,2019,88,8
5/9/2023,01:43.3,7.64,2019,88,8
5/9/2023,01:43.6,7.55,2007,76,8
5/9/2023,01:43.9,7.76,2007,76,8
5/9/2023,01:44.1,7.3,2011,80,8
5/9/2023,01:44.4,7.24,2011,80,8
5/9/2023,01:44.8,6.94,2007,76,8
5/9/2023,01:44.9,6.94,2007,76,8
5/9/2023,01:45.2,7.58,2003,72,7
5/9/2023,01:45.4,7.51,2004,73,7
5/9/2023,01:45.7,7.92,2004,73,7
5/9/2023,01:45.9,7.84,2004,73,7
5/9/2023,01:46.2,7.63,2009,78,7
5/9/2023,01:46.5,8.19,2009,78,7
5/9/2023,01:46.7,7.79,2009,78,7
5/9/2023,01:47.0,7.37,2009,78,7
5/9/2023,01:47.3,7.94,1998,67,7
5/9/2023,01:47.5,7.61,1998,67,7
5/9/2023,01:47.8,7.74,2006,75,7
5/9/2023,01:48.0,7.37,2013,82,7
5/9/2023,01:48.3,7.78,2013,82,7
5/9/2023,01:48.6,7.15,2013,82,7
5/9/2023,01:48.9,7.46,2005,74,7
5/9/2023,01:49.1,8.41,2005,74,7
5/9/2023,01:49.3,8.05,1999,68,7
5/9/2023,01:49.6,7.76,1999,68,7
5/9/2023,01:49.8,7.54,2013,82,7
5/9/2023,01:50.1,7.81,2013,82,7
5/9/2023,01:50.4,7.69,2017,86,7
5/9/2023,01:50.6,7.4,2017,86,7
5/9/2023,01:50.9,7.83,2012,81,7
5/9/2023,01:51.2,7.22,2012,81,7
5/9/2023,01:51.4,7.33,2001,70,7
5/9/2023,01:51.7,7.62,2003,72,7
5/9/2023,01:52.0,7.7,2003,72,7
5/9/2023,01:52.2,7.66,2007,76,7
5/9/2023,01:52.4,7.15,2007,76,7
5/9/2023,01:52.7,7.55,2007,76,7
5/9/2023,01:53.0,8.04,2010,79,7
5/9/2023,01:53.2,8.03,2010,79,7
5/9/2023,01:53.5,7.52,2010,79,7
5/9/2023,01:53.8,7.45,1999,68,7
5/9/2023,01:54.0,7.45,1999,68,7
5/9/2023,01:54.3,7.77,2004,73,7
5/9/2023,01:54.6,7.62,2004,73,7
5/9/2023,01:54.8,7.69,2015,84,7
5/9/2023,01:55.1,7.38,2015,84,7
5/9/2023,01:55.3,7.34,2011,80,7
5/9/2023,01:55.6,7.56,2011,80,7
5/9/2023,01:55.8,7.59,2006,75,7
5/9/2023,01:56.1,7.33,2006,75,7
5/9/2023,01:56.3,7.51,2006,75,7
5/9/2023,01:56.6,7.4,2005,74,7
5/9/2023,01:56.9,7.51,2005,74,6
5/9/2023,01:57.1,7.39,2004,73,6
5/9/2023,01:57.4,7.56,2004,73,6
5/9/2023,01:57.6,7.32,2004,73,6
5/9/2023,01:57.9,6.92,2005,74,6
5/9/2023,01:58.2,7.44,2005,74,6
5/9/2023,01:58.4,7.72,2005,74,6
5/9/2023,01:58.7,7.33,2003,72,6
5/9/2023,01:59.0,7.16,2003,72,6
5/9/2023,01:59.2,8.22,2002,71,6
5/9/2023,01:59.5,7.71,2009,78,6
5/9/2023,01:59.7,7.6,2009,78,6
5/9/2023,02:00.0,7.61,2009,78,6
5/9/2023,02:00.2,7.22,2004,73,6
5/9/2023,02:00.5,7.54,2004,73,6
5/9/2023,02:00.8,7.03,1997,66,6
5/9/2023,02:01.0,7.65,1997,66,6
5/9/2023,02:01.3,7.64,2006,75,6
5/9/2023,02:01.6,8.21,2006,75,6
5/9/2023,02:01.8,8.21,2008,77,6
5/9/2023,02:02.1,7,2008,77,6
5/9/2023,02:02.3,7.1,2006,75,6
5/9/2023,02:02.6,7.37,2006,75,6
5/9/2023,02:02.8,7.59,2003,72,6
5/9/2023,02:03.1,7.72,2003,72,6
5/9/2023,02:03.4,7.52,2006,75,6
5/9/2023,02:03.6,7.66,2006,75,6
5/9/2023,02:03.9,7.78,2001,70,6
5/9/2023,02:04.1,7.69,2001,70,6
5/9/2023,02:04.4,7.49,2005,74,6
5/9/2023,02:04.7,7.52,2005,74,6
5/9/2023,02:04.9,7.48,2011,80,6
5/9/2023,02:05.2,7.2,2011,80,6
5/9/2023,02:05.5,7.29,2010,79,6
5/9/2023,02:05.7,7.46,2010,79,6
5/9/2023,02:06.0,7.39,2007,76,6
5/9/2023,02:06.3,7.14,2005,74,6
5/9/2023,02:06.5,7.32,2005,74,6
5/9/2023,02:06.8,7.13,2005,74,6
5/9/2023,02:07.0,6.98,2009,78,6
5/9/2023,02:07.3,7.2,2009,78,6
5/9/2023,02:07.5,7.39,2009,78,6
5/9/2023,02:07.8,7.43,2009,78,6
5/9/2023,02:08.1,7.53,2009,78,6
5/9/2023,02:08.3,7.67,2009,78,6
5/9/2023,02:08.6,7.21,2011,80,6
5/9/2023,02:08.8,7.14,2011,80,6
5/9/2023,02:09.1,8.07,2004,73,6
5/9/2023,02:09.3,7.18,2004,73,6
5/9/2023,02:09.6,7.41,2005,74,5
5/9/2023,02:09.9,6.76,2005,74,5
5/9/2023,02:10.1,7.59,2007,76,5
5/9/2023,02:10.4,7.45,2007,76,5
5/9/2023,02:10.7,7.29,2004,73,5
5/9/2023,02:10.9,7.18,2004,73,5
5/9/2023,02:11.1,7.29,2006,75,5
5/9/2023,02:11.4,7.34,2006,75,5
5/9/2023,02:11.7,6.99,2005,74,5
5/9/2023,02:11.9,7.03,2005,74,5
5/9/2023,02:12.2,6.99,2008,77,5
5/9/2023,02:12.5,7.03,2008,77,5
5/9/2023,02:12.8,7.41,2001,70,5
5/9/2023,02:13.0,7.14,2001,70,5
5/9/2023,02:13.3,7.09,2001,70,5
5/9/2023,02:13.5,7.1,2001,70,5
5/9/2023,02:13.8,7.21,2001,70,5
5/9/2023,02:14.0,7.12,2001,70,5
5/9/2023,02:14.3,7.32,2002,71,5
5/9/2023,02:14.5,7.36,2002,71,5
5/9/2023,02:14.8,7.36,2004,73,5
5/9/2023,02:15.0,7.37,2004,73,5
5/9/2023,02:15.3,7.38,2004,73,5
5/9/2023,02:15.6,7.38,2004,73,5
5/9/2023,02:15.9,7.37,2004,73,5
5/9/2023,02:16.1,7.37,2004,73,5
5/9/2023,02:16.4,7.37,2005,74,5
5/9/2023,02:16.7,7.37,2005,74,5
5/9/2023,02:16.9,7.37,2005,74,5
5/9/2023,02:17.1,7.37,2005,74,5
5/9/2023,02:17.4,7.37,2005,74,5
5/9/2023,02:17.7,7.37,2005,74,5
5/9/2023,02:17.9,7.37,2005,74,5
5/9/2023,02:18.2,7.37,2005,74,5
5/9/2023,02:18.5,7.37,2004,73,5
5/9/2023,02:18.7,7.37,2004,73,5
5/9/2023,02:19.0,7.37,2004,73,5
5/9/2023,02:19.2,7.37,2004,73,5
5/9/2023,02:19.5,7.37,2004,73,5
5/9/2023,02:19.7,7.37,2004,73,5
5/9/2023,02:20.0,7.37,2005,74,5
5/9/2023,02:20.3,7.37,2005,74,5
5/9/2023,02:20.5,7.37,2004,73,5
5/9/2023,02:20.8,7.37,2004,73,5
5/9/2023,02:21.1,7.37,2004,73,5
5/9/2023,02:21.4,7.37,2004,73,5
5/9/2023,02:21.6,7.37,2004,73,5
5/9/2023,02:21.9,7.37,2004,73,5
5/9/2023,02:22.2,7.37,2004,73,5
5/9/2023,02:22.6,7.37,2005,74,5
5/9/2023,02:22.8,7.37,2005,74,5
5/9/2023,02:23.4,7.37,2005,74,5
5/9/2023,02:23.6,7.37,2004,73,5
5/9/2023,02:23.6,7.37,2004,73,5
5/9/2023,02:24.1,7.37,2004,73,5
5/9/2023,02:24.3,7.37,2004,73,5
5/9/2023,02:24.7,7.37,2004,73,5
5/9/2023,02:24.8,7.37,2004,73,5
5/9/2023,02:25.0,7.37,2004,73,5
5/9/2023,02:25.3,7.37,2004,73,5
5/9/2023,02:25.5,7.37,2004,73,5
5/9/2023,02:25.7,7.37,2004,73,5
5/9/2023,02:26.0,7.37,2004,73,5
5/9/2023,02:26.3,7.37,2004,73,5
5/9/2023,02:26.5,7.37,2004,73,5
5/9/2023,02:26.8,7.37,2004,73,5
5/9/2023,02:27.0,7.37,2004,73,5
5/9/2023,02:27.3,7.37,2004,73,5
5/9/2023,02:27.5,7.37,2004,73,5
5/9/2023,02:27.8,7.37,2004,73,5
5/9/2023,02:28.1,7.37,2004,73,5
5/9/2023,02:28.3,7.37,2004,73,5
5/9/2023,02:28.6,7.37,2004,73,5
5/9/2023,02:28.8,7.37,2004,73,5
5/9/2023,02:29.1,7.37,2004,73,5
5/9/2023,02:29.3,7.37,2004,73,5
5/9/2023,02:29.6,7.37,2004,73,5
5/9/2023,02:29.9,7.37,2004,73,5
5/9/2023,02:30.2,7.37,2004,73,5
5/9/2023,02:30.4,7.37,2005,74,5
5/9/2023,02:30.7,7.37,2005,74,5
5/9/2023,02:30.9,7.37,2005,74,5
5/9/2023,02:31.2,7.37,2005,74,5
5/9/2023,02:31.4,7.37,2004,73,5
5/9/2023,02:31.7,7.37,2004,73,5
5/9/2023,02:32.0,7.37,2004,73,5
5/9/2023,02:32.2,7.37,2004,73,5
5/9/2023,02:32.5,7.37,2004,73,5
5/9/2023,02:32.8,7.37,2004,73,5
5/9/2023,02:33.1,7.37,2004,73,5
5/9/2023,02:33.3,7.37,2004,73,5
5/9/2023,02:33.6,7.37,2005,74,5
5/9/2023,02:33.8,7.37,2005,74,5
5/9/2023,02:34.0,7.37,2005,74,5
5/9/2023,02:34.3,7.37,2005,74,5
5/9/2023,02:34.6,7.37,2005,74,5
5/9/2023,02:34.8,7.37,2005,74,5
5/9/2023,02:35.2,7.37,2005,74,5
5/9/2023,02:35.4,7.37,2005,74,5
5/9/2023,02:35.6,7.37,2004,73,5
5/9/2023,02:35.9,7.37,2004,73,5
5/9/2023,02:36.1,7.37,2004,73,5
5/9/2023,02:36.4,7.37,2004,73,5
5/9/2023,02:36.7,7.37,2005,74,5
5/9/2023,02:36.9,7.37,2005,74,5
5/9/2023,02:37.2,7.37,2005,74,5
5/9/2023,02:37.4,7.37,2005,74,5
5/9/2023,02:37.7,7.37,2004,73,5
5/9/2023,02:38.0,7.37,2004,73,5
5/9/2023,02:38.2,7.37,2005,74,5
5/9/2023,02:38.5,7.37,2005,74,5
5/9/2023,02:38.7,7.37,2006,75,5
5/9/2023,02:39.0,7.37,2006,75,5
5/9/2023,02:39.3,7.37,2004,73,5
5/9/2023,02:39.5,7.37,2004,73,5
5/9/2023,02:39.8,7.37,2004,73,5
5/9/2023,02:40.0,7.37,2004,73,5
5/9/2023,02:40.3,7.37,2005,74,5
5/9/2023,02:40.6,7.37,2005,74,5
5/9/2023,02:40.8,7.37,2004,73,5
5/9/2023,02:41.1,7.37,2004,73,5
5/9/2023,02:41.3,7.37,2004,73,5
5/9/2023,02:41.6,7.37,2004,73,5
5/9/2023,02:41.8,7.37,2005,74,5
5/9/2023,02:42.1,7.37,2005,74,5
